Reporting entity,Facility name,Type,State,Electricity production (GJ),ACTUAL_GEN,EMISSION,EMISSION_SCOPE_2,TOTAL_EMISSION,EMISSION INTENSITY,Grid connected,Grid,FUELTYPE,Important notes
ACCIONA ENERGY OCEANIA PTY LTD,Cathedral Rocks Wind Farm,F,SA,"521,625","144,896",56,156,212,0,On,NEM,Wind,-
ACCIONA ENERGY OCEANIA PTY LTD,Gunning Wind Farm,F,NSW,"568,252","157,848",54,199,253,0,On,NEM,Wind,-
ACCIONA ENERGY OCEANIA PTY LTD,Mt Gellibrand Wind Farm,F,VIC,"1,053,711","292,697",81,726,807,0,On,NEM,Wind,-
ACCIONA ENERGY OCEANIA PTY LTD,Waubra Wind Farm,F,VIC,"2,339,624","649,896",172,851,"1,023",0,On,NEM,Wind,-
ACCIONA ENERGY OCEANIA PTY LTD,Corporate Total,C,-,"4,483,212","1,245,337",363,"1,932","2,295",-,-,-,-,-
ADANI RENEWABLE ASSET HOLDINGS PTY LTD,Adani Rugby Run Solar Farm,F,QLD,"615,760","171,045",1,577,578,0,On,NEM,Solar,-
ADANI RENEWABLE ASSET HOLDINGS PTY LTD,Corporate Total,C,-,"615,760","171,045",1,577,578,-,-,-,-,-
AGL ENERGY LIMITED,Banimboola Hydro,F,VIC,"13,440","3,733",0,25,25,0,On,NEM,Hydro,-
AGL ENERGY LIMITED,Barker Inlet Power Station,F,SA,"1,111,534","308,759","175,223","2,543","177,766",0.57,On,NEM,Gas,-
AGL ENERGY LIMITED,Bayswater Power Station,F,NSW,"53,502,955","14,861,932","13,215,259","34,798","13,250,057",0.89,On,NEM,Black Coal,-
AGL ENERGY LIMITED,Bogong Power Station,F,VIC,"392,944","109,151",82,681,763,0,On,NEM,Hydro,-
AGL ENERGY LIMITED,Broken Hill Solar Plant,F,NSW,"389,673","108,242",82,334,416,0,On,NEM,Solar,-
AGL ENERGY LIMITED,Burrendong Hydro,F,NSW,"58,645","16,290",1,37,38,0,On,NEM,Hydro,-
AGL ENERGY LIMITED,Clover Hydro,F,VIC,"184,506","51,252",2,218,220,0,On,NEM,Hydro,-
AGL ENERGY LIMITED,Copeton Hydro,F,NSW,"73,746","20,485",1,56,57,0,On,NEM,Hydro,-
AGL ENERGY LIMITED,Dartmouth Hydro,F,VIC,"197,525","54,868",0,276,276,0,On,NEM,Hydro,-
AGL ENERGY LIMITED,Eildon Hydro,F,VIC,"325,382","90,384",20,80,100,0,On,NEM,Hydro,-
AGL ENERGY LIMITED,Glenbawn Hydro,F,NSW,0,0,0,9,9,0,On,NEM,Hydro,-
AGL ENERGY LIMITED,Hallett (Stage 1) Wind Farm,F,SA,"1,099,253","305,348",109,180,289,0,On,NEM,Wind,-
AGL ENERGY LIMITED,Hallett (Stage 2) Wind Farm,F,SA,"818,187","227,274",76,124,200,0,On,NEM,Wind,-
AGL ENERGY LIMITED,Hallett (Stage 4) Wind Farm,F,SA,"1,513,897","420,527",161,255,416,0,On,NEM,Wind,-
AGL ENERGY LIMITED,Hallett (Stage 5) Wind Farm,F,SA,"485,471","134,853",64,129,193,0,On,NEM,Wind,-
AGL ENERGY LIMITED,Kwinana Swift Power Station,F,WA,"193,065","53,629","31,283",244,"31,527",0.58,On,SWIS,Gas,-
AGL ENERGY LIMITED,Liddell Power Station,F,NSW,"29,183,166","8,106,435","7,658,316","41,284","7,699,600",0.94,On,NEM,Black Coal,-
AGL ENERGY LIMITED,Loy Yang Power Station and Mine,F,VIC,"54,517,793","15,143,831","17,701,028","247,304","17,948,332",1.17,On,NEM,Brown Coal,-
AGL ENERGY LIMITED,Macarthur Wind Farm,F,VIC,"2,937,197","815,888","5,169","2,128","7,297",0.01,On,NEM,Wind,-
AGL ENERGY LIMITED,McKay Creek Hydro,F,VIC,"480,265","133,407",0,"2,117","2,117",0,On,NEM,Hydro,-
AGL ENERGY LIMITED,Nyngan Solar Plant,F,NSW,"752,856","209,127",154,693,847,0,On,NEM,Solar,-
AGL ENERGY LIMITED,Oaklands Hill Wind Farm,F,VIC,"674,438","187,344",65,379,444,0,On,NEM,Wind,-
AGL ENERGY LIMITED,Pindari Hydro,F,NSW,"6,847","1,902",0,17,17,0,On,NEM,Hydro,-
AGL ENERGY LIMITED,Rubicon Hydro Scheme,F,VIC,0,0,0,21,21,0,On,NEM,Hydro,-
AGL ENERGY LIMITED,Silverton Wind Farm,F,NSW,"2,523,865","701,074",75,572,647,0,On,NEM,Wind,-
AGL ENERGY LIMITED,Somerton Power Station,F,VIC,"226,482","62,912","46,089","1,634","47,723",0.73,On,NEM,Gas,-
AGL ENERGY LIMITED,Torrens Island Power Station,F,SA,"3,866,881","1,074,133","637,005","9,800","646,805",0.59,On,NEM,Gas,-
AGL ENERGY LIMITED,Wattle Point Wind Farm,F,SA,"993,013","275,837",89,85,174,0,On,NEM,Wind,-
AGL ENERGY LIMITED,West Kiewa Hydro,F,VIC,"770,966","214,157",0,502,502,0,On,NEM,Hydro,-
AGL ENERGY LIMITED,Yarrawonga Hydro,F,VIC,"145,223","40,340",0,45,45,0,On,NEM,Hydro,-
AGL ENERGY LIMITED,Corporate Total,C,-,"157,439,215","43,733,115","39,470,353","346,570","39,816,923",-,-,-,-,-
ALCOA AUSTRALIAN HOLDINGS PTY LTD,Alinta Pinjarra Generation Facility,F,WA,"4,476,808","1,243,558","921,917",402,"922,319",0.74,On,SWIS,Gas,-
ALCOA AUSTRALIAN HOLDINGS PTY LTD,Corporate Total,C,-,"4,476,808","1,243,558","921,917",402,"922,319",-,-,-,-,-
AMP AUSTRALIA HOLDINGS PTY LTD,Hillston Sun Farm,F,NSW,"278,539","77,372",4,657,661,0,On,NEM,Solar,-
AMP AUSTRALIA HOLDINGS PTY LTD,Corporate Total,C,-,"278,539","77,372",4,657,661,-,-,-,-,-
AMP ENERGY AUSTRALIA 1-1 PTY LTD,Molong Solar Farm,F,NSW,"134,931","37,481",4,345,349,0,On,NEM,Solar,-
AMP ENERGY AUSTRALIA 1-1 PTY LTD,Corporate Total,C,-,"134,931","37,481",4,345,349,-,-,-,-,-
APA INFRASTRUCTURE LIMITED,Badgingarra Solar Farm,F,WA,"158,018","43,894",8,48,56,0,On,SWIS,Solar,-
APA INFRASTRUCTURE LIMITED,Badgingarra Wind Farm,F,WA,"1,912,816","531,338",28,273,301,0,On,SWIS,Wind,-
APA INFRASTRUCTURE LIMITED,Daandine Power Station,F,QLD,"75,328","20,924","10,131","1,192","11,323",0.48,On,NEM,Coal Seam Methane,"Please note that where more than one person has operational control over a facility at the same time and no nomination of operational control has been made, data for the facility for the entire period must be reported by the controlling corporation of each entity with operational control. This results in the same facility being reported multiple times. APA INFRASTRUCTURE LIMITED and CLARKE ENERGY (AUSTRALIA) PTY. LTD., have each included the same data for the Daandine Power Station in their NGER reports."
APA INFRASTRUCTURE LIMITED,Darling Downs Solar Farm,F,QLD,"673,855","187,182",4,649,653,0,On,NEM,Wind,-
APA INFRASTRUCTURE LIMITED,Diamantina Power Station,F,QLD,"7,410,951","2,058,598","865,523",98,"865,621",0.42,On,Mt Isa,Gas,-
APA INFRASTRUCTURE LIMITED,Emu Downs Solar Farm,F,WA,"167,062","46,406",2,153,155,0,On,SWIS,Solar,-
APA INFRASTRUCTURE LIMITED,Emu Downs Wind Farm,F,WA,"851,726","236,591",45,153,198,0,On,SWIS,Wind,-
APA INFRASTRUCTURE LIMITED,Corporate Total,C,-,"11,249,756","3,124,932","875,741","2,566","878,307",-,-,-,-,-
ARET PLATFORM PTY LIMITED,Willogoleche Wind Farm,F,SA,"1,368,408","380,113",59,175,234,0,On,NEM,Wind,-
ARET PLATFORM PTY LIMITED,Corporate Total,C,-,"1,368,408","380,113",59,175,234,-,-,-,-,-
ARROW ENERGY HOLDINGS PTY LTD,Braemar 2 Power Station,F,QLD,"1,995,952","554,431","341,822","4,036","345,858",0.62,On,NEM,Coal Seam Methane,-
ARROW ENERGY HOLDINGS PTY LTD,Corporate Total,C,-,"1,995,952","554,431","341,822","4,036","345,858",-,-,-,-,-
ATCO AUSTRALIA PTY LTD,Karratha Power Station,F,WA,"343,876","95,521","66,290",147,"66,437",0.69,On,NWIS,Gas,-
ATCO AUSTRALIA PTY LTD,Osborne facility,F,SA,"2,259,504","627,640","260,263","2,737","263,000",0.41,On,NEM,Gas,-
ATCO AUSTRALIA PTY LTD,Corporate Total,C,-,"2,603,380","723,161","326,553","2,884","329,437",-,-,-,-,-
AWF AUS HOLD OP CO PTY LTD,Facility,F,VIC,"1,955,185","543,107",101,"1,159","1,260",0,On,NEM,Wind,-
AWF AUS HOLD OP CO PTY LTD,Corporate Total,C,-,"1,955,185","543,107",101,"1,159","1,260",-,-,-,-,-
BALD HILLS WF HOLDINGS PTY LTD,Bald Hills Wind Farm Pty Ltd,F,VIC,"1,309,240","363,678",83,610,693,0,On,NEM,Wind,-
BALD HILLS WF HOLDINGS PTY LTD,Corporate Total,C,-,"1,309,240","363,678",83,610,693,-,-,-,-,-
BANPU AUSTRALIA CO. PTY LTD,Beryl Solar Farm,F,NSW,"595,834","165,510",172,641,813,0,On,NEM,Solar,-
BANPU AUSTRALIA CO. PTY LTD,Manildra Solar Farm,F,NSW,"193,735","53,815",7,203,210,0,On,NEM,Solar,-
BANPU AUSTRALIA CO. PTY LTD,Corporate Total,C,-,"789,569","219,325",179,844,"1,023",-,-,-,-,-
BEI WWF PTY LTD,Warradarge Wind Farm,F,WA,"2,402,008","667,225",250,464,714,0,On,SWIS,Wind,-
BEI WWF PTY LTD,Corporate Total,C,-,"2,402,008","667,225",250,464,714,-,-,-,-,-
BEIJING JINGNENG CLEAN ENERGY (AUSTRALIA) HOLDING PTY LTD,Gullen Solar Pty Ltd,F,NSW,"60,313","16,754",2,42,44,0,On,NEM,Solar,-
BEIJING JINGNENG CLEAN ENERGY (AUSTRALIA) HOLDING PTY LTD,New Gullen Range Wind Farm Pty Ltd,F,NSW,"1,781,437","494,844",58,320,378,0,On,NEM,Wind,-
BEIJING JINGNENG CLEAN ENERGY (AUSTRALIA) HOLDING PTY LTD,Newtricity Developments Biala Pty Ltd,F,NSW,"904,347","251,207",25,643,668,0,On,NEM,Wind,-
BEIJING JINGNENG CLEAN ENERGY (AUSTRALIA) HOLDING PTY LTD,Corporate Total,C,-,"2,746,097","762,805",85,"1,005","1,090",-,-,-,-,-
BHP GROUP LIMITED,Yarnima Power Station,F,WA,"2,864,387","795,663","340,554",0,"340,554",0.43,Off,Off-grid,Gas,-
BHP GROUP LIMITED,Corporate Total,C,-,"2,864,387","795,663","340,554",0,"340,554",-,-,-,-,-
BLUEWATERS POWER 1 PTY LTD,Bluewaters Power 1,F,WA,"5,890,096","1,636,138","1,190,420","1,529","1,191,949",0.73,On,SWIS,Black Coal,-
BLUEWATERS POWER 1 PTY LTD,Corporate Total,C,-,"5,890,096","1,636,138","1,190,420","1,529","1,191,949",-,-,-,-,-
BLUEWATERS POWER 2 PTY LTD,Bluewaters Power 2,F,WA,"5,380,768","1,494,658","1,124,051","1,859","1,125,910",0.75,On,SWIS,Black Coal,-
BLUEWATERS POWER 2 PTY LTD,Corporate Total,C,-,"5,380,768","1,494,658","1,124,051","1,859","1,125,910",-,-,-,-,-
C S ENERGY LIMITED,Callide B Power Station,F,QLD,"15,456,689","4,293,525","4,048,111","36,782","4,084,893",0.94,On,NEM,Black Coal,-
C S ENERGY LIMITED,Callide C Power Station,F,QLD,"9,252,986","2,570,274","2,246,298","6,930","2,253,228",0.87,On,NEM,Black Coal,"Please note that where more than one person has operational control over a facility at the same time and no nomination of operational control has been made, data for the facility for the entire period must be reported by the controlling corporation of each entity with operational control. This results in the same facility being reported multiple times. C S ENERGY LIMITED and OZGEN HOLDINGS AUSTRALIA PTY LTD, have each included the same data for the Callide C Power Station in their NGER reports."
C S ENERGY LIMITED,Kogan Creek Power Station,F,QLD,"19,947,879","5,541,077","4,776,040","2,077","4,778,117",0.86,On,NEM,Black Coal,-
C S ENERGY LIMITED,Corporate Total,C,-,"44,657,554","12,404,876","11,070,449","45,789","11,116,238",-,-,-,-,-
CAPE BYRON MANAGEMENT PTY LTD,Broadwater Power Plant,F,NSW,"483,107","134,196","3,749",940,"4,689",0.03,On,NEM,Bagasse,-
CAPE BYRON MANAGEMENT PTY LTD,Condong Power Plant,F,NSW,"438,886","121,913","3,915","4,526","8,441",0.03,On,NEM,Bagasse,-
CAPE BYRON MANAGEMENT PTY LTD,Corporate Total,C,-,"921,993","256,109","7,664","5,466","13,130",-,-,-,-,-
CBWF HOLDINGS PTY LIMITED,Facility,F,VIC,"295,280","82,022",27,85,112,0,On,NEM,Wind,-
CBWF HOLDINGS PTY LIMITED,Corporate Total,C,-,"295,280","82,022",27,85,112,-,-,-,-,-
CECEP WIND POWER AUSTRALIA HOLDING PTY LTD,White Rock Wind Farm Pty Ltd,F,NSW,"1,914,875","531,910",64,352,416,0,On,NEM,Wind,-
CECEP WIND POWER AUSTRALIA HOLDING PTY LTD,Corporate Total,C,-,"1,914,875","531,910",64,352,416,-,-,-,-,-
CHERRY TREE HOLD CO PTY LTD,Cherry Tree Wind Farm Pty Ltd,F,VIC,"620,959","172,488",44,398,442,0,On,NEM,Wind,-
CHERRY TREE HOLD CO PTY LTD,Corporate Total,C,-,"620,959","172,488",44,398,442,-,-,-,-,-
CHILDERS HOLDCO PTY LTD,Childers Solar Farm,F,QLD,"399,810","111,058",14,306,320,0,On,NEM,Solar,-
CHILDERS HOLDCO PTY LTD,Corporate Total,C,-,"399,810","111,058",14,306,320,-,-,-,-,-
CK WILLIAM AUSTRALIA HOLDINGS PTY LTD,Appin CSM Power Station,F,NSW,"819,414","227,615","181,045",12,"181,057",0.8,On,NEM,Waste Coal Mine Gas,-
CK WILLIAM AUSTRALIA HOLDINGS PTY LTD,Ardyaloon Facility,F,WA,"7,453","2,070","1,496",0,"1,496",0.72,Off,Off-grid,Diesel,-
CK WILLIAM AUSTRALIA HOLDINGS PTY LTD,Beagle Bay Facility,F,WA,"6,729","1,869","1,363",0,"1,363",0.73,Off,Off-grid,Diesel,-
CK WILLIAM AUSTRALIA HOLDINGS PTY LTD,Belrose LFG Power Station,F,NSW,0,0,23,0,23,0,On,NEM,Landfill Gas,-
CK WILLIAM AUSTRALIA HOLDINGS PTY LTD,Berwick LFG Power Station,F,VIC,"11,466","3,185",248,36,284,0.08,On,NEM,Landfill Gas,-
CK WILLIAM AUSTRALIA HOLDINGS PTY LTD,Bidyadanga Facility,F,WA,"10,627","2,952","2,161",0,"2,161",0.73,Off,Off-grid,Diesel,-
CK WILLIAM AUSTRALIA HOLDINGS PTY LTD,Broadmeadows LFG Power Station,F,VIC,"37,658","10,460",805,10,815,0.08,On,NEM,Landfill Gas,-
CK WILLIAM AUSTRALIA HOLDINGS PTY LTD,Brooklyn LFG Power Station,F,VIC,"26,478","7,355",538,2,540,0.07,On,NEM,Landfill Gas,-
CK WILLIAM AUSTRALIA HOLDINGS PTY LTD,Broome LNG Power Station,F,WA,"526,673","146,298","81,956",24,"81,980",0.56,Off,Off-grid,Gas,-
CK WILLIAM AUSTRALIA HOLDINGS PTY LTD,Browns Plains LFG Power Station,F,QLD,"53,502","14,862","1,130",1,"1,131",0.08,On,NEM,Landfill Gas,-
CK WILLIAM AUSTRALIA HOLDINGS PTY LTD,Clayton LFG Power Station,F,VIC,"252,155","70,043","4,579",3,"4,582",0.07,On,NEM,Landfill Gas,-
CK WILLIAM AUSTRALIA HOLDINGS PTY LTD,Coober Pedy Facility,F,SA,"57,885","16,079","2,110",0,"2,110",0.13,Off,Off-grid,Wind,-
CK WILLIAM AUSTRALIA HOLDINGS PTY LTD,Corio LFG Power Station,F,VIC,"16,031","4,453",350,9,359,0.08,On,NEM,Landfill Gas,-
CK WILLIAM AUSTRALIA HOLDINGS PTY LTD,Cullerin Range Wind Farm,F,NSW,"348,543","96,817",14,73,87,0,On,NEM,Wind,-
CK WILLIAM AUSTRALIA HOLDINGS PTY LTD,Derby LNG Power Station,F,WA,"127,613","35,448","20,815",0,"20,815",0.59,Off,Off-grid,Gas,-
CK WILLIAM AUSTRALIA HOLDINGS PTY LTD,Djarindjin Facility,F,WA,"6,900","1,917","1,392",0,"1,392",0.73,Off,Off-grid,Diesel,-
CK WILLIAM AUSTRALIA HOLDINGS PTY LTD,Eastern Creek LFG Power Station,F,NSW,"19,709","5,475",388,12,400,0.07,On,NEM,Landfill Gas,-
CK WILLIAM AUSTRALIA HOLDINGS PTY LTD,Fitzroy Crossing LNG Power Station,F,WA,"50,874","14,132","8,751",0,"8,751",0.62,Off,Off-grid,Gas,-
CK WILLIAM AUSTRALIA HOLDINGS PTY LTD,Gascoyne Facility,F,WA,859,239,190,0,190,0.8,Off,Off-grid,Diesel,-
CK WILLIAM AUSTRALIA HOLDINGS PTY LTD,German Creek CMM Power Station,F,QLD,"898,804","249,668","140,265",25,"140,290",0.56,On,NEM,Waste Coal Mine Gas,-
CK WILLIAM AUSTRALIA HOLDINGS PTY LTD,Glennies Creek WCMG Power Station,F,NSW,"321,298","89,249","46,924",1,"46,925",0.53,On,NEM,Waste Coal Mine Gas,-
CK WILLIAM AUSTRALIA HOLDINGS PTY LTD,Grange Avenue LFG Power Station,F,NSW,"14,333","3,981",284,6,290,0.07,On,NEM,Landfill Gas,-
CK WILLIAM AUSTRALIA HOLDINGS PTY LTD,Grosvenor 1 WCMG Power Station,F,QLD,"351,564","97,657","55,605",4,"55,609",0.57,On,NEM,Waste Coal Mine Gas,-
CK WILLIAM AUSTRALIA HOLDINGS PTY LTD,Grosvenor 2 WCMG Power Station,F,QLD,"277,070","76,964","44,540",3,"44,543",0.58,On,NEM,Waste Coal Mine Gas,-
CK WILLIAM AUSTRALIA HOLDINGS PTY LTD,Halls Creek LNG Power Station,F,WA,"43,953","12,209","7,943",0,"7,943",0.65,Off,Off-grid,Gas,-
CK WILLIAM AUSTRALIA HOLDINGS PTY LTD,Jack's Gully LFG Power Station,F,NSW,"29,818","8,283",642,3,645,0.08,On,NEM,Landfill Gas,-
CK WILLIAM AUSTRALIA HOLDINGS PTY LTD,Kalamunda Power Station,F,WA,35,10,9,1,10,0.93,On,SWIS,Diesel,-
CK WILLIAM AUSTRALIA HOLDINGS PTY LTD,Laverton Facility,F,WA,"5,669","1,575","1,068",0,"1,068",0.68,Off,Off-grid,Diesel,-
CK WILLIAM AUSTRALIA HOLDINGS PTY LTD,Leonora Facility,F,WA,"28,455","7,904","5,826",0,"5,826",0.74,Off,Off-grid,Gas,-
CK WILLIAM AUSTRALIA HOLDINGS PTY LTD,Looma NGD Power Station,F,WA,"9,233","2,565","1,993",0,"1,993",0.78,Off,Off-grid,Diesel,-
CK WILLIAM AUSTRALIA HOLDINGS PTY LTD,Lucas Heights 1 LFG Power Station,F,NSW,"53,115","14,754","1,151",4,"1,155",0.08,On,NEM,Landfill Gas,-
CK WILLIAM AUSTRALIA HOLDINGS PTY LTD,Lucas Heights 2 LFG Power Station,F,NSW,"425,736","118,260","9,631",1,"9,632",0.08,On,NEM,Landfill Gas,-
CK WILLIAM AUSTRALIA HOLDINGS PTY LTD,McArthur River Power Station,F,NT,"1,026,888","285,247","135,796",0,"135,796",0.48,Off,Off-grid,Gas,-
CK WILLIAM AUSTRALIA HOLDINGS PTY LTD,Menzies Facility,F,WA,"1,023",284,229,0,229,0.81,Off,Off-grid,Diesel,-
CK WILLIAM AUSTRALIA HOLDINGS PTY LTD,Moranbah North CMM Power Station,F,QLD,"1,009,837","280,510","188,209",8,"188,217",0.67,On,NEM,Waste Coal Mine Gas,-
CK WILLIAM AUSTRALIA HOLDINGS PTY LTD,Oaky Creek II WCMG Power Station,F,QLD,"397,362","110,378","62,695",8,"62,703",0.57,On,NEM,Waste Coal Mine Gas,-
CK WILLIAM AUSTRALIA HOLDINGS PTY LTD,Oaky Creek WCMG Power Station,F,QLD,"285,824","79,395","41,220",8,"41,228",0.52,On,NEM,Waste Coal Mine Gas,-
CK WILLIAM AUSTRALIA HOLDINGS PTY LTD,Pine Creek A Power Station,F,NT,"768,448","213,458","102,018",0,"102,018",0.48,On,DKIS,Gas,-
CK WILLIAM AUSTRALIA HOLDINGS PTY LTD,Red Hill LFG Power Station,F,WA,"85,922","23,867","1,836",3,"1,839",0.08,On,SWIS,Landfill Gas,-
CK WILLIAM AUSTRALIA HOLDINGS PTY LTD,Springvale LFG Power Station,F,VIC,"17,909","4,975",390,12,402,0.08,On,NEM,Landfill Gas,-
CK WILLIAM AUSTRALIA HOLDINGS PTY LTD,Tahmoor WCMG Power Station,F,NSW,"161,001","44,723","25,441",4,"25,445",0.57,On,NEM,Waste Coal Mine Gas,-
CK WILLIAM AUSTRALIA HOLDINGS PTY LTD,Tamala Park LFG Power Station,F,WA,"122,636","34,066","2,622",1,"2,623",0.08,On,SWIS,Landfill Gas,-
CK WILLIAM AUSTRALIA HOLDINGS PTY LTD,Tower CSM Power Station,F,NSW,"613,228","170,341","110,119",2,"110,121",0.65,On,NEM,Waste Coal Mine Gas,-
CK WILLIAM AUSTRALIA HOLDINGS PTY LTD,Warmun Facility,F,WA,"9,952","2,764","2,081",0,"2,081",0.75,Off,Off-grid,Diesel,-
CK WILLIAM AUSTRALIA HOLDINGS PTY LTD,Weipa Solar Power Station,F,QLD,"8,715","2,421",0,9,9,0,Off,Off-grid,Solar,-
CK WILLIAM AUSTRALIA HOLDINGS PTY LTD,Wingfield 1 LFG Power Station,F,SA,"17,337","4,816",656,8,664,0.14,On,NEM,Landfill Gas,-
CK WILLIAM AUSTRALIA HOLDINGS PTY LTD,Wingfield 2 LFG Power Station,F,SA,"57,630","16,008","1,217",2,"1,219",0.08,On,NEM,Landfill Gas,-
CK WILLIAM AUSTRALIA HOLDINGS PTY LTD,Wonthaggi Wind Farm,F,VIC,"100,860","28,017",4,43,47,0,On,NEM,Wind,-
CK WILLIAM AUSTRALIA HOLDINGS PTY LTD,Corporate Total,C,-,"9,524,224","2,645,616","1,299,768",338,"1,300,106",-,-,-,-,-
CLARE SOLAR FARM HOLDINGS PTY LTD,Clare Solar Farm,F,QLD,"740,436","205,677",133,814,947,0,On,NEM,Solar,-
CLARE SOLAR FARM HOLDINGS PTY LTD,Corporate Total,C,-,"740,436","205,677",133,814,947,-,-,-,-,-
CLARKE ENERGY (AUSTRALIA) PTY. LTD.,Daandine Power Station,F,QLD,"75,328","20,924","10,131","1,192","11,323",0.48,On,NEM,Coal Seam Methane,"Please note that where more than one person has operational control over a facility at the same time and no nomination of operational control has been made, data for the facility for the entire period must be reported by the controlling corporation of each entity with operational control. This results in the same facility being reported multiple times. APA INFRASTRUCTURE LIMITED and CLARKE ENERGY (AUSTRALIA) PTY. LTD., have each included the same data for the Daandine Power Station in their NGER reports."
CLARKE ENERGY (AUSTRALIA) PTY. LTD.,Corporate Total,C,-,"75,328","20,924","10,131","1,192","11,323",-,-,-,-,-
CLEANCO QUEENSLAND LIMITED,Barron Gorge Power Station,F,QLD,"831,398","230,944",239,486,725,0,On,NEM,Hydro,-
CLEANCO QUEENSLAND LIMITED,Kareeya Power Station,F,QLD,"1,711,296","475,360",78,"1,249","1,327",0,On,NEM,Hydro,-
CLEANCO QUEENSLAND LIMITED,Swanbank E Power Station,F,QLD,"816,427","226,785","89,348","3,391","92,739",0.39,On,NEM,Gas,-
CLEANCO QUEENSLAND LIMITED,Wivenhoe Power Station,F,QLD,"1,439,570","399,881",23,"452,492","452,515",0,On,NEM,Hydro,-
CLEANCO QUEENSLAND LIMITED,Corporate Total,C,-,"4,798,691","1,332,970","89,688","457,618","547,306",-,-,-,-,-
CWF HOLDINGS PTY LTD,Collgar Wind Farm,F,WA,"2,510,318","697,310",226,"1,610","1,836",0,On,SWIS,Wind,-
CWF HOLDINGS PTY LTD,Corporate Total,C,-,"2,510,318","697,310",226,"1,610","1,836",-,-,-,-,-
DELTA ELECTRICITY PTY LTD,Vales Point Power Station,F,NSW,"24,221,493","6,728,193","6,356,146","79,485","6,435,631",0.94,On,NEM,Black Coal,-
DELTA ELECTRICITY PTY LTD,Corporate Total,C,-,"24,221,493","6,728,193","6,356,146","79,485","6,435,631",-,-,-,-,-
DIF INFRA 4 HOLDINGS AUSTRALIA PTY LTD,Royalla Solar Farm,F,ACT,"115,909","32,197",0,191,191,0,On,NEM,Solar,-
DIF INFRA 4 HOLDINGS AUSTRALIA PTY LTD,Corporate Total,C,-,"115,909","32,197",0,191,191,-,-,-,-,-
DUNDONNELL WIND FARM PTY LTD,Dundonnell Wind Farm,F,VIC,"3,974,313","1,103,976",198,"1,487","1,685",0,On,NEM,Wind,-
DUNDONNELL WIND FARM PTY LTD,Corporate Total,C,-,"3,974,313","1,103,976",198,"1,487","1,685",-,-,-,-,-
EDIFY ENERGY PTY. LTD.,Darlington Point Solar Farm Pty Ltd,F,NSW,"1,649,707","458,252",208,0,208,0,On,NEM,Solar,-
EDIFY ENERGY PTY. LTD.,Gannawarra Solar Farm Pty Ltd,F,VIC,"371,736","103,260",26,0,26,0,On,NEM,Solar,-
EDIFY ENERGY PTY. LTD.,GESS ProjectCo Pty Ltd,F,VIC,0,0,15,"2,447","2,462",0,On,NEM,Battery,-
EDIFY ENERGY PTY. LTD.,Hamilton Solar Farm Pty Ltd,F,QLD,"438,139","121,705",32,0,32,0,On,NEM,Solar,-
EDIFY ENERGY PTY. LTD.,The Daydream Solar Farm Trust,F,QLD,"1,192,423","331,228",68,0,68,0,On,NEM,Solar,-
EDIFY ENERGY PTY. LTD.,The Hayman Solar Farm Trust,F,QLD,"374,097","103,916",34,0,34,0,On,NEM,Solar,-
EDIFY ENERGY PTY. LTD.,Whitsunday Solar Farm Pty,F,QLD,"388,766","107,991",31,0,31,0,On,NEM,Solar,-
EDIFY ENERGY PTY. LTD.,Corporate Total,C,-,"4,414,868","1,226,352",414,"2,447","2,861",-,-,-,-,-
ELECTRICITY GENERATION AND RETAIL CORPORATION,Bremer Bay Wind Diesel Power Station,F,WA,"6,834","1,898",2,3,5,0,On,SWIS,Wind,-
ELECTRICITY GENERATION AND RETAIL CORPORATION,Cockburn Power Station,F,WA,"1,757,688","488,247","188,178",0,"188,178",0.39,On,SWIS,Gas,-
ELECTRICITY GENERATION AND RETAIL CORPORATION,Collie Power Station,F,WA,"4,493,548","1,248,208","1,136,165","2,687","1,138,852",0.91,On,SWIS,Black Coal,-
ELECTRICITY GENERATION AND RETAIL CORPORATION,Coral Bay Wind Diesel Power Station,F,WA,"13,525","3,757","1,455",0,"1,455",0.39,Off,Off-grid,Diesel,-
ELECTRICITY GENERATION AND RETAIL CORPORATION,Esperance Wind Farm,F,WA,"15,119","4,200",1,11,12,0,Off,Off-grid,Wind,-
ELECTRICITY GENERATION AND RETAIL CORPORATION,Hopetoun Wind Diesel Power Station,F,WA,"19,653","5,459","2,561",0,"2,561",0.47,Off,Off-grid,Diesel,-
ELECTRICITY GENERATION AND RETAIL CORPORATION,Kalbarri Wind Farm,F,WA,"4,990","1,386",0,20,20,0,On,SWIS,Wind,-
ELECTRICITY GENERATION AND RETAIL CORPORATION,Kalgoorlie Gas Turbine Station,F,WA,"19,156","5,321","5,287",0,"5,287",0.99,On,SWIS,Gas,-
ELECTRICITY GENERATION AND RETAIL CORPORATION,Kwinana Power Station,F,WA,"2,778,347","771,763","422,639",463,"423,102",0.55,On,SWIS,Gas,-
ELECTRICITY GENERATION AND RETAIL CORPORATION,Muja Power Station,F,WA,"14,808,913","4,113,587","3,663,805","2,112","3,665,917",0.89,On,SWIS,Black Coal,-
ELECTRICITY GENERATION AND RETAIL CORPORATION,Mungarra Gas Turbine Station,F,WA,"12,305","3,418","2,473",0,"2,473",0.72,On,SWIS,Gas,-
ELECTRICITY GENERATION AND RETAIL CORPORATION,Pinjar Gas Turbine Station,F,WA,"1,641,134","455,871","419,994",0,"419,994",0.92,On,SWIS,Gas,-
ELECTRICITY GENERATION AND RETAIL CORPORATION,Corporate Total,C,-,"25,571,212","7,103,114","5,842,560","5,296","5,847,856",-,-,-,-,-
ELECTRICITY NETWORKS CORPORATION,Ravensthorpe Power Station,F,WA,"1,114",310,142,0,142,0.46,On,SWIS,Diesel,-
ELECTRICITY NETWORKS CORPORATION,Corporate Total,C,-,"1,114",310,142,0,142,-,-,-,-,-
ENEL GREEN POWER AUSTRALIA PTY LTD,Bungala One Solar Farm,F,SA,"842,612","234,059",0,0,0,0,On,NEM,Solar,-
ENEL GREEN POWER AUSTRALIA PTY LTD,Bungala Two Solar Farm,F,SA,"861,856","239,404",0,0,0,0,On,NEM,Solar,-
ENEL GREEN POWER AUSTRALIA PTY LTD,Corporate Total,C,-,"1,704,468","473,463",0,0,0,-,-,-,-,-
ENERGY QUEENSLAND LIMITED,Aurukun Remote generation,F,QLD,"24,611","6,836","4,525",0,"4,525",0.66,Off,Off-grid,Diesel,-
ENERGY QUEENSLAND LIMITED,Badu Island Remote Generation,F,QLD,"12,609","3,503","2,367",0,"2,367",0.68,Off,Off-grid,Diesel,-
ENERGY QUEENSLAND LIMITED,Bamaga Remote Generation,F,QLD,"59,539","16,539","11,243",0,"11,243",0.68,Off,Off-grid,Diesel,-
ENERGY QUEENSLAND LIMITED,Barcaldine Power Station Facility,F,QLD,"32,702","9,084","7,206",429,"7,635",0.79,On,NEM,Gas,-
ENERGY QUEENSLAND LIMITED,Bedourie Remote Generation,F,QLD,"4,836","1,343",886,0,886,0.66,Off,Off-grid,Diesel,-
ENERGY QUEENSLAND LIMITED,Birdsville Remote Generation,F,QLD,"5,449","1,514",995,0,995,0.66,Off,Off-grid,Diesel,-
ENERGY QUEENSLAND LIMITED,Boigu Island Remote Generation,F,QLD,"5,392","1,498","1,063",0,"1,063",0.71,Off,Off-grid,Diesel,-
ENERGY QUEENSLAND LIMITED,Boulia Remote Generation,F,QLD,"10,629","2,953","2,061",0,"2,061",0.7,Off,Off-grid,Diesel,-
ENERGY QUEENSLAND LIMITED,Burketown Remote Generation,F,QLD,"8,868","2,463","1,647",0,"1,647",0.67,Off,Off-grid,Diesel,-
ENERGY QUEENSLAND LIMITED,Camooweal Remote Generation,F,QLD,"7,828","2,174","1,584",0,"1,584",0.73,Off,Off-grid,Diesel,-
ENERGY QUEENSLAND LIMITED,Coconut Island Remote Generation,F,QLD,"4,528","1,258",889,0,889,0.71,Off,Off-grid,Diesel,-
ENERGY QUEENSLAND LIMITED,Coen Remote Generation,F,QLD,"6,968","1,936","1,326",0,"1,326",0.69,Off,Off-grid,Diesel,-
ENERGY QUEENSLAND LIMITED,Darnley Island Remote Generation,F,QLD,"6,168","1,713","1,225",0,"1,225",0.71,Off,Off-grid,Diesel,-
ENERGY QUEENSLAND LIMITED,Dauan Island Remote Generation,F,QLD,"3,596",999,742,0,742,0.74,Off,Off-grid,Diesel,-
ENERGY QUEENSLAND LIMITED,Domain Shopping centre Solar Farm,F,QLD,"8,179","2,272",0,0,0,0,Off,Off-grid,Solar,-
ENERGY QUEENSLAND LIMITED,Doomadgee Remote Generation,F,QLD,"29,168","8,102","4,766",0,"4,766",0.59,Off,Off-grid,Diesel,-
ENERGY QUEENSLAND LIMITED,Energy Impact - Bromelton Peak Generation Plant - Facility,F,QLD,"16,493","4,581","2,737",308,"3,045",0.6,On,NEM,Diesel,-
ENERGY QUEENSLAND LIMITED,Energy Impact - Generation - Facility,F,QLD,"13,418","3,727","2,626",0,"2,626",0.7,On,NEM,Diesel,-
ENERGY QUEENSLAND LIMITED,Grand Central Shopping Centre Solar Farm,F,QLD,"3,635","1,010",0,0,0,0,Off,Off-grid,Solar,-
ENERGY QUEENSLAND LIMITED,Gununa Remote Generation,F,QLD,"24,356","6,765","4,674",0,"4,674",0.69,Off,Off-grid,Diesel,-
ENERGY QUEENSLAND LIMITED,Hammond Island,F,QLD,"3,427",952,718,0,718,0.75,Off,Off-grid,Diesel,-
ENERGY QUEENSLAND LIMITED,Jundah Remote Generation,F,QLD,"4,585","1,274",843,0,843,0.66,Off,Off-grid,Diesel,-
ENERGY QUEENSLAND LIMITED,Kowanyama Remote Generation,F,QLD,"20,565","5,712","3,839",0,"3,839",0.67,Off,Off-grid,Diesel,-
ENERGY QUEENSLAND LIMITED,Kubin Island Remote Generation,F,QLD,"8,885","2,468","1,711",0,"1,711",0.69,Off,Off-grid,Diesel,-
ENERGY QUEENSLAND LIMITED,Lockhart River Remote Generation,F,QLD,"11,154","3,098","2,148",0,"2,148",0.69,Off,Off-grid,Diesel,-
ENERGY QUEENSLAND LIMITED,Logan Hyperdome Solar Farm,F,QLD,"7,655","2,126",0,0,0,0,Off,Off-grid,Solar,-
ENERGY QUEENSLAND LIMITED,Mabuig Island Remote Generation,F,QLD,"4,494","1,248",912,0,912,0.73,Off,Off-grid,Diesel,-
ENERGY QUEENSLAND LIMITED,Mapoon Remote Generation,F,QLD,"6,803","1,890","1,246",0,"1,246",0.66,Off,Off-grid,Diesel,-
ENERGY QUEENSLAND LIMITED,Murray Island Remote Generation,F,QLD,"7,408","2,058","1,417",0,"1,417",0.69,Off,Off-grid,Diesel,-
ENERGY QUEENSLAND LIMITED,Palm Island Remote Generation,F,QLD,"32,201","8,945","6,305",0,"6,305",0.7,Off,Off-grid,Diesel,-
ENERGY QUEENSLAND LIMITED,Pormpuraaw,F,QLD,"12,199","3,389","2,358",0,"2,358",0.7,Off,Off-grid,Diesel,-
ENERGY QUEENSLAND LIMITED,Robina Shopping Centre Solar Farm,F,QLD,"20,562","5,712",0,0,0,0,Off,Off-grid,Solar,-
ENERGY QUEENSLAND LIMITED,Sabai Island Remote Generation,F,QLD,"7,071","1,964","1,377",0,"1,377",0.7,Off,Off-grid,Diesel,-
ENERGY QUEENSLAND LIMITED,Stephen Island Remote Generation,F,QLD,"1,819",505,367,0,367,0.73,Off,Off-grid,Diesel,-
ENERGY QUEENSLAND LIMITED,Thursday Island Remote Generation,F,QLD,"100,281","27,856","18,332",0,"18,332",0.66,Off,Off-grid,Diesel,-
ENERGY QUEENSLAND LIMITED,Warraber Island Remote Generation,F,QLD,"5,794","1,610","1,137",0,"1,137",0.71,Off,Off-grid,Diesel,-
ENERGY QUEENSLAND LIMITED,Wasaga Remote Generation,F,QLD,"17,879","4,967","3,427",0,"3,427",0.69,Off,Off-grid,Diesel,-
ENERGY QUEENSLAND LIMITED,Water Gardens Shopping Centre Solar Farm,F,VIC,"10,732","2,981",0,0,0,0,Off,Off-grid,Solar,-
ENERGY QUEENSLAND LIMITED,Windorah Remote Generation,F,QLD,"4,618","1,283",833,0,833,0.65,Off,Off-grid,Diesel,-
ENERGY QUEENSLAND LIMITED,Yam Island,F,QLD,"6,726","1,868","1,283",0,"1,283",0.69,Off,Off-grid,Diesel,-
ENERGY QUEENSLAND LIMITED,York Island,F,QLD,"5,944","1,651","1,208",0,"1,208",0.73,Off,Off-grid,Diesel,-
ENERGY QUEENSLAND LIMITED,Corporate Total,C,-,"589,774","163,827","102,023",737,"102,760",-,-,-,-,-
ENERGYAUSTRALIA HOLDINGS LIMITED,Hallett Power Station,F,SA,"237,695","66,026","42,432",796,"43,228",0.64,On,NEM,Gas,-
ENERGYAUSTRALIA HOLDINGS LIMITED,Jeeralang Power Station,F,VIC,"338,148","93,930","71,195","5,671","76,866",0.76,On,NEM,Gas,-
ENERGYAUSTRALIA HOLDINGS LIMITED,Mt Piper Power Station,F,NSW,"19,710,764","5,475,212","4,386,545","23,284","4,409,829",0.8,On,NEM,Black Coal,-
ENERGYAUSTRALIA HOLDINGS LIMITED,Newport Power Station,F,VIC,"2,153,945","598,318","318,630","24,555","343,185",0.53,On,NEM,Gas,-
ENERGYAUSTRALIA HOLDINGS LIMITED,Tallawarra Power Station,F,NSW,"5,748,587","1,596,830","592,378","4,794","597,172",0.37,On,NEM,Gas,-
ENERGYAUSTRALIA HOLDINGS LIMITED,Virtual Power Plant,F,VIC,972,270,0,0,0,0,Off,Off-grid,Solar,-
ENERGYAUSTRALIA HOLDINGS LIMITED,Yallourn Power Station,F,VIC,"30,106,857","8,363,016","10,759,872","136,931","10,896,803",1.29,On,NEM,Brown Coal,-
ENERGYAUSTRALIA HOLDINGS LIMITED,Corporate Total,C,-,"58,296,968","16,193,602","16,171,052","196,031","16,367,083",-,-,-,-,-
ESPERANCE POWER STATION PTY LTD,Esperance Power Station,F,WA,"151,608","42,113","32,942",0,"32,942",0.78,Off,Off-grid,Gas,-
ESPERANCE POWER STATION PTY LTD,Corporate Total,C,-,"151,608","42,113","32,942",0,"32,942",-,-,-,-,-
ESSENTIAL ENERGY,Essential Energy Generation Facility - Broken Hill Gas Turbine,F,NSW,35,10,0,240,240,0,On,NEM,Diesel,-
ESSENTIAL ENERGY,Corporate Total,C,-,35,10,0,240,240,-,-,-,-,-
FENGATE EXMOUTH ENERGY SPV PTY LTD,Exmouth Power Station Pty Ltd,F,WA,"97,178","26,994","18,784",0,"18,784",0.7,Off,Off-grid,Gas,-
FENGATE EXMOUTH ENERGY SPV PTY LTD,Corporate Total,C,-,"97,178","26,994","18,784",0,"18,784",-,-,-,-,-
FERGUSON HOLDCO PTY LTD,Ferguson Wind Farm,F,VIC,"169,144","46,984",0,54,54,0,On,NEM,Wind,-
FERGUSON HOLDCO PTY LTD,Corporate Total,C,-,"169,144","46,984",0,54,54,-,-,-,-,-
FINLEY SOLAR HOLDINGS PTY LTD,Finley Solar Farm,F,NSW,"901,068","250,296",0,"1,010","1,010",0,On,NEM,Solar,-
FINLEY SOLAR HOLDINGS PTY LTD,Corporate Total,C,-,"901,068","250,296",0,"1,010","1,010",-,-,-,-,-
FORTESCUE METALS GROUP LTD,Solomon Power Station,F,WA,"1,029,715","286,032","176,950",0,"176,950",0.62,Off,Off-grid,Gas,-
FORTESCUE METALS GROUP LTD,Corporate Total,C,-,"1,029,715","286,032","176,950",0,"176,950",-,-,-,-,-
FS OAKEY 2 PTY LTD,Oakey 2 Solar Farm,F,QLD,"344,561","95,711",0,0,0,0,On,NEM,Solar,-
FS OAKEY 2 PTY LTD,Corporate Total,C,-,"344,561","95,711",0,0,0,-,-,-,-,-
GENEX POWER LIMITED,Jemalong PV Asset Pty Ltd as Trustee for the Jemalong PV Asset Trust,F,NSW,"393,758","109,377",0,717,717,0,On,NEM,Solar,-
GENEX POWER LIMITED,Kidston Solar One - Solar - Qld,F,QLD,"428,026","118,896",0,"1,181","1,181",0,On,NEM,Solar,-
GENEX POWER LIMITED,Corporate Total,C,-,"821,784","228,273",0,"1,898","1,898",-,-,-,-,-
GLOBAL POWER GENERATION AUSTRALIA PTY LTD,Berrybank Wind farm,F,VIC,"2,187,955","607,765",121,579,700,0,On,NEM,Wind,-
GLOBAL POWER GENERATION AUSTRALIA PTY LTD,Crookwell 2 Wind farm,F,NSW,"1,067,788","296,608",64,186,250,0,On,NEM,Wind,-
GLOBAL POWER GENERATION AUSTRALIA PTY LTD,Queanbeyan Battery Energy Storage System,F,ACT,0,0,55,78,133,0,On,NEM,Battery,-
GLOBAL POWER GENERATION AUSTRALIA PTY LTD,Corporate Total,C,-,"3,255,743","904,373",240,843,"1,083",-,-,-,-,-
GOLDFIELDS POWER PTY LTD,Parkeston Power Station,F,WA,"528,493","146,804","82,021",0,"82,021",0.56,On,SWIS,Gas,-
GOLDFIELDS POWER PTY LTD,Corporate Total,C,-,"528,493","146,804","82,021",0,"82,021",-,-,-,-,-
GOONUMBLA HOLDINGS CO PTY. LTD.,Goonumbla Solar Farm,F,NSW,"494,624","137,396",35,455,490,0,On,NEM,Solar,-
GOONUMBLA HOLDINGS CO PTY. LTD.,Corporate Total,C,-,"494,624","137,396",35,455,490,-,-,-,-,-
GRAND BARGAIN HOLDCO PTY LTD,Bango Wind Farm,F,NSW,"506,908","140,808",106,667,773,0,On,NEM,Wind,-
GRAND BARGAIN HOLDCO PTY LTD,Boco Rock Wind Farm,F,NSW,"1,096,272","304,520",118,765,883,0,On,NEM,Wind,-
GRAND BARGAIN HOLDCO PTY LTD,Crudine Ridge Wind Farm,F,NSW,"1,402,115","389,476",77,334,411,0,On,NEM,Wind,-
GRAND BARGAIN HOLDCO PTY LTD,Sapphire Wind Farm,F,NSW,"3,138,865","871,907",167,"1,597","1,764",0,On,NEM,Wind,-
GRAND BARGAIN HOLDCO PTY LTD,Corporate Total,C,-,"6,144,160","1,706,711",468,"3,363","3,831",-,-,-,-,-
HYDRO POWER PTY. LIMITED,Wyangala A,F,NSW,"309,521","85,978",0,0,0,0,On,NEM,Hydro,-
HYDRO POWER PTY. LIMITED,Wyangala B,F,NSW,"62,107","17,252",0,0,0,0,On,NEM,Hydro,-
HYDRO POWER PTY. LIMITED,Corporate Total,C,-,"371,628","103,230",0,0,0,-,-,-,-,-
HYDRO-ELECTRIC CORPORATION,Bastyan Hydro Power Station,F,TAS,"1,169,342","324,817",0,30,30,0,On,NEM,Hydro,-
HYDRO-ELECTRIC CORPORATION,Butlers Gorge Hydro Power Station,F,TAS,"293,354","81,487",1,0,1,0,On,NEM,Hydro,-
HYDRO-ELECTRIC CORPORATION,Catagunya Hydro Power Station,F,TAS,"631,840","175,511",0,40,40,0,On,NEM,Hydro,-
HYDRO-ELECTRIC CORPORATION,Cethana Hydro Power Station,F,TAS,"1,360,387","377,885",0,793,793,0,On,NEM,Hydro,-
HYDRO-ELECTRIC CORPORATION,Cluny Hydro Power Station,F,TAS,"319,773","88,826",0,17,17,0,On,NEM,Hydro,-
HYDRO-ELECTRIC CORPORATION,Devils Gate Hydro Power Station,F,TAS,"977,456","271,516",0,15,15,0,On,NEM,Hydro,-
HYDRO-ELECTRIC CORPORATION,Fisher Hydro Power Station,F,TAS,"873,929","242,758",1,0,1,0,On,NEM,Hydro,-
HYDRO-ELECTRIC CORPORATION,Flinders Island Power Station,F,TAS,"22,224","6,173","1,699",123,"1,822",0.28,Off,Off-grid,Wind,-
HYDRO-ELECTRIC CORPORATION,Gordon Hydro Power Station,F,TAS,"5,892,072","1,636,687",9,74,83,0,On,NEM,Hydro,-
HYDRO-ELECTRIC CORPORATION,John Butters Hydro Power Station,F,TAS,"1,804,303","501,195",0,757,757,0,On,NEM,Hydro,-
HYDRO-ELECTRIC CORPORATION,King Island Power Station,F,TAS,"51,941","14,428","4,681",345,"5,026",0.32,Off,Off-grid,Wind,-
HYDRO-ELECTRIC CORPORATION,Lake Echo Hydro Power Station,F,TAS,"2,591",720,2,56,58,0,On,NEM,Hydro,-
HYDRO-ELECTRIC CORPORATION,Lake Margaret Lower Hydro Power station,F,TAS,"18,065","5,018",0,5,5,0,On,NEM,Hydro,-
HYDRO-ELECTRIC CORPORATION,Lake Margaret Upper Hydro Power Station,F,TAS,"118,711","32,975",0,38,38,0,On,NEM,Hydro,-
HYDRO-ELECTRIC CORPORATION,Lemonthyme Hydro Power Station,F,TAS,"946,456","262,904",0,47,47,0,On,NEM,Hydro,-
HYDRO-ELECTRIC CORPORATION,Liapootah Hydro Power Station,F,TAS,"1,472,073","408,909",7,57,64,0,On,NEM,Hydro,-
HYDRO-ELECTRIC CORPORATION,Mackintosh Hydro Power Station,F,TAS,"1,151,311","319,809",0,756,756,0,On,NEM,Hydro,-
HYDRO-ELECTRIC CORPORATION,Meadowbank Hydro Power Station,F,TAS,"667,867","185,519",0,15,15,0,On,NEM,Hydro,-
HYDRO-ELECTRIC CORPORATION,Paloona Hydro Power Station,F,TAS,"449,387","124,830",0,13,13,0,On,NEM,Hydro,-
HYDRO-ELECTRIC CORPORATION,Parangana Hydro Power Station,F,TAS,"18,476","5,132",0,0,0,0,On,NEM,Hydro,-
HYDRO-ELECTRIC CORPORATION,Poatina Hydro Power Station,F,TAS,"5,278,926","1,466,368",1,"1,053","1,054",0,On,NEM,Hydro,-
HYDRO-ELECTRIC CORPORATION,Reece Hydro Power Station,F,TAS,"3,124,090","867,803",0,"2,239","2,239",0,On,NEM,Hydro,-
HYDRO-ELECTRIC CORPORATION,Repulse Hydro Power Station,F,TAS,"525,153","145,876",0,13,13,0,On,NEM,Hydro,-
HYDRO-ELECTRIC CORPORATION,Rowallan Hydro Power Station,F,TAS,"147,755","41,043",1,1,2,0,On,NEM,Hydro,-
HYDRO-ELECTRIC CORPORATION,Tamar Valley Power Station,F,TAS,"206,418","57,338","35,479","4,121","39,600",0.62,On,NEM,Gas,-
HYDRO-ELECTRIC CORPORATION,Tarraleah Hydro Power Station,F,TAS,"2,136,330","593,425",0,98,98,0,On,NEM,Hydro,-
HYDRO-ELECTRIC CORPORATION,Tods Corner Hydro Power Station,F,TAS,"2,536",705,0,9,9,0,On,NEM,Hydro,-
HYDRO-ELECTRIC CORPORATION,Trevallyn Hydro Power Station,F,TAS,"1,651,516","458,755",6,66,72,0,On,NEM,Hydro,-
HYDRO-ELECTRIC CORPORATION,Tribute Hydro Power Station,F,TAS,"764,298","212,305",0,41,41,0,On,NEM,Hydro,-
HYDRO-ELECTRIC CORPORATION,Tungatinah Hydro Power Station,F,TAS,"1,763,959","489,989",0,142,142,0,On,NEM,Hydro,-
HYDRO-ELECTRIC CORPORATION,Wayatinah Hydro Power Station,F,TAS,"906,157","251,710",1,29,30,0,On,NEM,Hydro,-
HYDRO-ELECTRIC CORPORATION,Wilmot Hydro Power Station,F,TAS,"486,537","135,149",0,36,36,0,On,NEM,Hydro,-
HYDRO-ELECTRIC CORPORATION,Corporate Total,C,-,"35,235,233","9,787,564","41,888","11,029","52,917",-,-,-,-,-
IBERDROLA AUSTRALIA LIMITED,Alinta Wind Farm,F,WA,"1,116,984","310,273",77,737,814,0,On,SWIS,Wind,-
IBERDROLA AUSTRALIA LIMITED,Bodangora Wind Farm,F,NSW,"1,306,190","362,831",74,388,462,0,On,NEM,Wind,-
IBERDROLA AUSTRALIA LIMITED,Capital Wind Farm,F,NSW,"1,331,629","369,897",160,779,939,0,On,NEM,Wind,-
IBERDROLA AUSTRALIA LIMITED,Iberdola Australia SAGT,F,SA,"21,706","6,029","5,502",498,"6,000",0.91,On,NEM,Gas,-
IBERDROLA AUSTRALIA LIMITED,Lake Bonney BESS Pty Ltd,F,SA,0,0,5,"1,138","1,143",0,On,NEM,Battery,-
IBERDROLA AUSTRALIA LIMITED,"Lake Bonney Stage 1,2 & 3 Wind Farm",F,SA,"2,210,447","614,013",99,533,632,0,On,NEM,Wind,-
IBERDROLA AUSTRALIA LIMITED,PAREP Wind,F,SA,"83,363","23,157","2,459","1,112","3,571",0.11,On,NEM,Wind,-
IBERDROLA AUSTRALIA LIMITED,Smithfield Gas Turbine,F,NSW,"196,905","54,696","38,559","1,186","39,745",0.7,On,NEM,Gas,-
IBERDROLA AUSTRALIA LIMITED,Woodlawn Wind Farm,F,NSW,"557,721","154,922",47,294,341,0,On,NEM,Wind,-
IBERDROLA AUSTRALIA LIMITED,Corporate Total,C,-,"6,824,945","1,895,819","46,982","6,665","53,647",-,-,-,-,-
INTERNATIONAL POWER (AUSTRALIA) HOLDINGS PTY LIMITED,Canunda Wind Farm,F,SA,"423,211","117,559",14,103,117,0,On,NEM,Wind,-
INTERNATIONAL POWER (AUSTRALIA) HOLDINGS PTY LIMITED,Dry Creek Power Station,F,SA,"97,803","27,168","24,239",302,"24,541",0.89,On,NEM,Gas,-
INTERNATIONAL POWER (AUSTRALIA) HOLDINGS PTY LIMITED,Kwinana Cogeneration Plant,F,WA,"616,468","171,241","86,259",174,"86,433",0.5,On,SWIS,Gas,-
INTERNATIONAL POWER (AUSTRALIA) HOLDINGS PTY LIMITED,Mintaro Power Station,F,SA,"8,529","2,369","1,643",45,"1,688",0.69,On,NEM,Gas,-
INTERNATIONAL POWER (AUSTRALIA) HOLDINGS PTY LIMITED,Pelican Point Power Station,F,SA,"6,648,840","1,846,900","739,220","3,463","742,683",0.4,On,NEM,Gas,-
INTERNATIONAL POWER (AUSTRALIA) HOLDINGS PTY LIMITED,Port Lincoln Power Station,F,SA,"17,206","4,779","6,378","1,370","7,748",1.33,On,NEM,Diesel,-
INTERNATIONAL POWER (AUSTRALIA) HOLDINGS PTY LIMITED,Snuggery Power Station,F,SA,"13,508","3,752","4,153",337,"4,490",1.11,On,NEM,Diesel,-
INTERNATIONAL POWER (AUSTRALIA) HOLDINGS PTY LIMITED,Corporate Total,C,-,"7,825,565","2,173,768","861,906","5,794","867,700",-,-,-,-,-
KARADOC SOLAR FARM HOLDCO PTY LTD,KARADOC SOLAR FARM,F,VIC,"602,970","167,492",0,429,429,0,On,NEM,Solar,-
KARADOC SOLAR FARM HOLDCO PTY LTD,Corporate Total,C,-,"602,970","167,492",0,429,429,-,-,-,-,-
KENNEDY ENERGY PARK HOLDINGS PTY LTD,Kennedy Energy Park Pty Ltd,F,QLD,"214,798","59,666",53,194,247,0,On,NEM,Wind,-
KENNEDY ENERGY PARK HOLDINGS PTY LTD,Corporate Total,C,-,"214,798","59,666",53,194,247,-,-,-,-,-
KIAMCO FORESIGHT HANWHA BARCALDINE 1 PTY LTD,Barcaldine Remote Community Solar Farm Pty Ltd,F,QLD,"107,045","29,735",0,0,0,0,On,NEM,Solar,-
KIAMCO FORESIGHT HANWHA BARCALDINE 1 PTY LTD,Corporate Total,C,-,"107,045","29,735",0,0,0,-,-,-,-,-
KIAMCO HANWHA FORESIGHT BANNERTON PTY LTD,Bannerton Solar Farm,F,VIC,"506,099","140,583",0,0,0,0,On,NEM,Solar,-
KIAMCO HANWHA FORESIGHT BANNERTON PTY LTD,Corporate Total,C,-,"506,099","140,583",0,0,0,-,-,-,-,-
KIATA WIND FARM HOLDINGS PTY LTD,Kiata Wind Farm Pty Ltd,F,VIC,"458,297","127,305",47,269,316,0,On,NEM,Wind,-
KIATA WIND FARM HOLDINGS PTY LTD,Corporate Total,C,-,"458,297","127,305",47,269,316,-,-,-,-,-
LAL LAL WIND FARMS NOM CO PTY LIMITED,Lal Lal Wind Farm,F,VIC,"1,739,477","483,188",115,"1,346","1,461",0,Off,Off-grid,Wind,-
LAL LAL WIND FARMS NOM CO PTY LIMITED,Corporate Total,C,-,"1,739,477","483,188",115,"1,346","1,461",-,-,-,-,-
LGI LIMITED,Benaraby LFGE Station,F,QLD,"26,882","7,467",667,0,667,0.09,On,NEM,Landfill Gas,-
LGI LIMITED,Bunya LFGE Station,F,QLD,"19,242","5,345",476,0,476,0.09,On,NEM,Landfill Gas,-
LGI LIMITED,Caboolture LFGE Station,F,QLD,"53,420","14,839","1,417",0,"1,417",0.1,On,NEM,Landfill Gas,-
LGI LIMITED,Dakabin LFGE Station,F,QLD,"54,191","15,053","1,192",0,"1,192",0.08,On,NEM,Landfill Gas,-
LGI LIMITED,Maryborough LFGE Station,F,QLD,"40,627","11,285","1,173",0,"1,173",0.1,On,NEM,Landfill Gas,-
LGI LIMITED,Mugga Lane LFGE Station,F,ACT,"117,314","32,587","3,401",0,"3,401",0.1,On,NEM,Landfill Gas,-
LGI LIMITED,Willawong LFGE Station,F,QLD,"18,206","5,057",495,0,495,0.1,On,NEM,Landfill Gas,-
LGI LIMITED,Corporate Total,C,-,"329,882","91,634","8,821",0,"8,821",-,-,-,-,-
LIGHTHOUSE INFRASTRUCTURE MANAGEMENT LIMITED,Emerald Solar Park,F,QLD,"553,269","153,686",33,"1,196","1,229",0,On,NEM,Solar,-
LIGHTHOUSE INFRASTRUCTURE MANAGEMENT LIMITED,Corporate Total,C,-,"553,269","153,686",33,"1,196","1,229",-,-,-,-,-
LILYVALE HOLDINGS CO PTY. LTD.,Lilyvale Solar Farm,F,QLD,"744,584","206,829",54,638,692,0,On,NEM,Solar,-
LILYVALE HOLDINGS CO PTY. LTD.,Corporate Total,C,-,"744,584","206,829",54,638,692,-,-,-,-,-
LINCOLN GAP OPERATIONS PTY LTD,Lincoln Gap Wind Farm Operations Pty Ltd,F,SA,"1,949,868","541,630",0,"6,532","6,532",0,On,NEM,Wind,-
LINCOLN GAP OPERATIONS PTY LTD,Corporate Total,C,-,"1,949,868","541,630",0,"6,532","6,532",-,-,-,-,-
LMS ENERGY PTY LTD,Albury Renewable Energy Facility,F,NSW,"28,596","7,943",464,0,464,0.06,On,NEM,Landfill Gas,-
LMS ENERGY PTY LTD,Albury Solar Facility,F,NSW,"6,541","1,817",0,0,0,0,Off,Off-grid,Solar,-
LMS ENERGY PTY LTD,Awaba Renewable Energy Facility,F,NSW,"22,718","6,310",449,0,449,0.07,On,NEM,Landfill Gas,-
LMS ENERGY PTY LTD,Ballarat Renewable Energy Facility,F,VIC,"42,825","11,896",938,0,938,0.08,On,NEM,Landfill Gas,-
LMS ENERGY PTY LTD,Bendigo Renewable Energy Facility,F,VIC,"14,429","4,008",286,0,286,0.07,On,NEM,Landfill Gas,-
LMS ENERGY PTY LTD,Birkdale Renewable Energy Facility,F,QLD,"12,253","3,404",270,0,270,0.08,On,NEM,Landfill Gas,-
LMS ENERGY PTY LTD,Caloundra Renewable Energy Facility,F,QLD,"24,815","6,893",488,0,488,0.07,On,NEM,Landfill Gas,-
LMS ENERGY PTY LTD,Copping Renewable Energy Facility,F,TAS,"48,491","13,470",958,0,958,0.07,On,NEM,Landfill Gas,-
LMS ENERGY PTY LTD,Darwin Renewable Energy Facility,F,NT,"21,512","5,976",462,0,462,0.08,On,DKIS,Landfill Gas,-
LMS ENERGY PTY LTD,Drysdale Renewable Energy Facility,F,VIC,"31,614","8,782",632,0,632,0.07,On,NEM,Landfill Gas,-
LMS ENERGY PTY LTD,Eastern Creek 2 Renewable Energy Facility,F,NSW,"155,774","43,271","3,064",0,"3,064",0.07,On,NEM,Landfill Gas,-
LMS ENERGY PTY LTD,Glenorchy Renewable Energy Facility,F,TAS,"11,015","3,060",172,0,172,0.06,On,NEM,Gas,-
LMS ENERGY PTY LTD,Hampton Park Renewable Energy Facility,F,VIC,"270,999","75,278","5,087",0,"5,087",0.07,On,NEM,Landfill Gas,-
LMS ENERGY PTY LTD,Ipswich Renewable Energy Facility,F,QLD,"13,080","3,633",265,0,265,0.07,On,NEM,Landfill Gas,-
LMS ENERGY PTY LTD,Mc Robies Gully Renewable Energy Facility,F,TAS,"5,839","1,622",102,0,102,0.06,On,NEM,Landfill Gas,-
LMS ENERGY PTY LTD,Mornington Peninsula Renewable Energy Facility,F,VIC,"20,041","5,567",413,0,413,0.07,On,NEM,Landfill Gas,-
LMS ENERGY PTY LTD,NAWMA Renewable Energy Facility,F,SA,"35,795","9,943",617,0,617,0.06,On,NEM,Landfill Gas,-
LMS ENERGY PTY LTD,NAWMA Solar Facility,F,SA,"5,004","1,390",0,0,0,0,On,NEM,Solar,-
LMS ENERGY PTY LTD,Newcastle Renewable Energy Facility,F,NSW,"65,390","18,164","1,297",0,"1,297",0.07,On,NEM,Landfill Gas,-
LMS ENERGY PTY LTD,Reedy Creek Renewable Energy Facility,F,QLD,"24,460","6,794",506,0,506,0.07,Off,Off-grid,Landfill Gas,-
LMS ENERGY PTY LTD,Remount Renewable Energy Facility,F,TAS,"33,273","9,243",632,0,632,0.07,On,NEM,Landfill Gas,-
LMS ENERGY PTY LTD,Rochedale Renewable Energy Facility,F,QLD,"185,955","51,654","3,861",0,"3,861",0.07,On,NEM,Landfill Gas,-
LMS ENERGY PTY LTD,Rockingham Renewable Energy Facility,F,WA,"13,048","3,625",224,0,224,0.06,On,SWIS,Landfill Gas,-
LMS ENERGY PTY LTD,Seaford Heights Renewable Energy Facility,F,SA,"70,616","19,616","1,542",0,"1,542",0.08,Off,Off-grid,Landfill Gas,-
LMS ENERGY PTY LTD,Seaford Heights Solar Facility,F,SA,"3,311",920,0,0,0,0,On,NEM,Solar,-
LMS ENERGY PTY LTD,Shepparton Renewable Energy Facility,F,VIC,"21,044","5,845",436,0,436,0.07,On,NEM,Landfill Gas,-
LMS ENERGY PTY LTD,SIMS Gillman Solar Facility,F,SA,"1,945",540,0,0,0,0,Off,Off-grid,Solar,-
LMS ENERGY PTY LTD,South Cardup Renewable Energy Facility,F,WA,"56,139","15,594","1,228",0,"1,228",0.08,On,SWIS,Landfill Gas,-
LMS ENERGY PTY LTD,Stapylton Renewable Energy Facility,F,QLD,"100,985","28,051","2,004",0,"2,004",0.07,On,NEM,Landfill Gas,-
LMS ENERGY PTY LTD,Swanbank Renewable Energy Facility,F,QLD,"45,581","12,661",930,0,930,0.07,On,NEM,Landfill Gas,-
LMS ENERGY PTY LTD,Wollert Renewable Energy Facility,F,VIC,"232,457","64,571","4,699",0,"4,699",0.07,On,NEM,Landfill Gas,-
LMS ENERGY PTY LTD,Woy Woy Renewable Energy Facility,F,NSW,"8,851","2,458",157,0,157,0.06,On,NEM,Landfill Gas,-
LMS ENERGY PTY LTD,Wyndham Renewable Energy Facility,F,VIC,"127,344","35,373","2,592",0,"2,592",0.07,On,NEM,Landfill Gas,-
LMS ENERGY PTY LTD,Wyong Renewable Energy Facility,F,NSW,"67,069","18,630","1,429",0,"1,429",0.08,On,NEM,Landfill Gas,-
LMS ENERGY PTY LTD,Corporate Total,C,-,"1,828,809","508,002","36,204",0,"36,204",-,-,-,-,-
LONGREACH NEW HOLDCO PTY LTD,Longreach Solar Farm,F,QLD,"117,208","32,558",0,0,0,0,On,NEM,Solar,-
LONGREACH NEW HOLDCO PTY LTD,Corporate Total,C,-,"117,208","32,558",0,0,0,-,-,-,-,-
LS AUSTRALIA HOLDCO1 PTY LTD,Wellington Solar Farm,F,NSW,"1,148,043","318,901",45,"1,238","1,283",0,On,NEM,Solar,-
LS AUSTRALIA HOLDCO1 PTY LTD,Corporate Total,C,-,"1,148,043","318,901",45,"1,238","1,283",-,-,-,-,-
MAROONA WIND FARM PTY LTD,Maroona Wind Farm,F,VIC,"107,647","29,902",0,25,25,0,On,NEM,Wind,-
MAROONA WIND FARM PTY LTD,Corporate Total,C,-,"107,647","29,902",0,25,25,-,-,-,-,-
METKA EGN AUSTRALIA HOLDINGS PTY LTD,Corowa Solar Farm,F,NSW,"175,161","48,656",0,153,153,0,On,NEM,Solar,-
METKA EGN AUSTRALIA HOLDINGS PTY LTD,Junee Solar Farm,F,NSW,"104,792","29,109",0,144,144,0,On,NEM,Solar,-
METKA EGN AUSTRALIA HOLDINGS PTY LTD,Wagga Wagga North Solar Farm,F,NSW,"103,622","28,784",0,217,217,0,On,NEM,Solar,-
METKA EGN AUSTRALIA HOLDINGS PTY LTD,Corporate Total,C,-,"383,575","106,548",0,514,514,-,-,-,-,-
MOMENTUM ENERGY PTY LIMITED,Alfred Hospital Cogeneration Plant,F,VIC,"19,173","5,326","6,886",264,"7,150",1.29,On,NEM,Gas,-
MOMENTUM ENERGY PTY LIMITED,Dandenong Hospital Cogeneration Plant,F,VIC,"19,999","5,555","5,932",226,"6,158",1.07,On,NEM,Gas,-
MOMENTUM ENERGY PTY LIMITED,Geelong Hospital Cogeneration Plant,F,VIC,"16,089","4,469","5,150",254,"5,404",1.15,On,NEM,Gas,-
MOMENTUM ENERGY PTY LIMITED,Royal Melbourne Hospital Cogeneration Plant,F,VIC,"43,030","11,953","16,435",183,"16,618",1.37,On,NEM,Gas,-
MOMENTUM ENERGY PTY LIMITED,ST. Vincent's Hospital Cogeneration Plant,F,VIC,"19,290","5,359","6,579",206,"6,785",1.23,On,NEM,Gas,-
MOMENTUM ENERGY PTY LIMITED,Corporate Total,C,-,"117,581","32,661","40,982","1,133","42,115",-,-,-,-,-
MOORABOOL WIND FARM (HOLDING) PTY LTD,Moorabool Wind Farm Pty Ltd,F,VIC,"777,359","215,933",38,701,739,0,On,NEM,Wind,-
MOORABOOL WIND FARM (HOLDING) PTY LTD,Corporate Total,C,-,"777,359","215,933",38,701,739,-,-,-,-,-
MOREE HOLDINGS CO PTY LTD,Moree Solar Farm from 15 June 2022,F,NSW,"16,348","4,541",1,30,31,0,On,NEM,Solar,-
MOREE HOLDINGS CO PTY LTD,Corporate Total,C,-,"16,348","4,541",1,30,31,-,-,-,-,-
MORTONS LANE WIND FARM (HOLDING) PTY LTD,Mortons Lane Windfarm Pty Ltd,F,VIC,"228,005","63,335",0,37,37,0,On,NEM,Wind,-
MORTONS LANE WIND FARM (HOLDING) PTY LTD,Corporate Total,C,-,"228,005","63,335",0,37,37,-,-,-,-,-
MUMBIDA WIND FARM NO 1 HOLDINGS PTY LTD,Mumbida Wind Farm Pty Ltd,F,WA,"740,004","205,557",32,357,389,0,On,SWIS,Wind,-
MUMBIDA WIND FARM NO 1 HOLDINGS PTY LTD,Corporate Total,C,-,"740,004","205,557",32,357,389,-,-,-,-,-
MURRA WARRA PROJECT CO PTY LTD,Murra Warra Wind Farm,F,VIC,"2,134,098","592,805",46,357,403,0,On,NEM,Wind,-
MURRA WARRA PROJECT CO PTY LTD,Corporate Total,C,-,"2,134,098","592,805",46,357,403,-,-,-,-,-
NEOEN AUSTRALIA PTY. LTD.,BULGANA GREEN POWER HUB,F,VIC,"1,834,356","509,543",88,"2,041","2,129",0,On,NEM,Wind,-
NEOEN AUSTRALIA PTY. LTD.,COLEAMBALLY SOLAR PTY LTD,F,NSW,"1,076,385","298,996",56,"1,234","1,290",0,On,NEM,Solar,-
NEOEN AUSTRALIA PTY. LTD.,DEGRUSSA SOLAR PROJECT PTY LTD,F,WA,"73,890","20,525",0,264,264,0,Off,Off-grid,Solar,-
NEOEN AUSTRALIA PTY. LTD.,DUBBO SOLAR HUB PTY LTD,F,NSW,"186,901","51,917",8,82,90,0,On,NEM,Solar,-
NEOEN AUSTRALIA PTY. LTD.,GRIFFITH SOLAR FARM PTY LTD,F,NSW,"233,850","64,958",11,102,113,0,On,NEM,Solar,-
NEOEN AUSTRALIA PTY. LTD.,HORNSDALE POWER RESERVE PTY LTD,F,SA,0,0,198,"4,815","5,013",0,On,NEM,Battery,-
NEOEN AUSTRALIA PTY. LTD.,HWF1 PTY LTD,F,SA,"1,279,855","355,515",26,66,92,0,On,NEM,Wind,-
NEOEN AUSTRALIA PTY. LTD.,HWF2 PTY LTD,F,SA,"1,204,910","334,697",26,84,110,0,On,NEM,Wind,-
NEOEN AUSTRALIA PTY. LTD.,HWF3 PTY LTD,F,SA,"1,287,434","357,621",27,74,101,0,On,NEM,Wind,-
NEOEN AUSTRALIA PTY. LTD.,NUMURKAH SOLAR FARM PTY LTD,F,VIC,"663,804","184,390",41,"1,166","1,207",0,On,NEM,Solar,-
NEOEN AUSTRALIA PTY. LTD.,PARKES SOLAR FARM PTY LTD,F,NSW,"373,728","103,813",20,266,286,0,On,NEM,Solar,-
NEOEN AUSTRALIA PTY. LTD.,VICTORIAN BIG BATTERY PTY LTD,F,VIC,0,0,574,"15,174","15,748",0,On,NEM,Battery,-
NEOEN AUSTRALIA PTY. LTD.,WESTERN DOWNS GREEN POWER HUB PTY LTD,F,QLD,"36,654","10,182",156,"1,082","1,238",0.02,On,NEM,Solar,-
NEOEN AUSTRALIA PTY. LTD.,Corporate Total,C,-,"8,251,767","2,292,158","1,231","26,450","27,681",-,-,-,-,-
NEVERTIRE HOLDCO PTY LTD,Nevertire Solar Farm,F,NSW,"840,823","233,562",23,620,643,0,On,NEM,Solar,-
NEVERTIRE HOLDCO PTY LTD,Corporate Total,C,-,"840,823","233,562",23,620,643,-,-,-,-,-
NEWGEN KWINANA HOLDINGS PTY LTD,Kwinana Gas Fired Power Station,F,WA,"6,913,710","1,920,475","760,427",643,"761,070",0.4,On,SWIS,Gas,-
NEWGEN KWINANA HOLDINGS PTY LTD,Corporate Total,C,-,"6,913,710","1,920,475","760,427",643,"761,070",-,-,-,-,-
NRG VICTORIA I PTY LTD,Gladstone Power Station,F,QLD,"21,280,468","5,911,241","5,827,328","51,559","5,878,887",0.99,On,NEM,Black Coal,-
NRG VICTORIA I PTY LTD,Corporate Total,C,-,"21,280,468","5,911,241","5,827,328","51,559","5,878,887",-,-,-,-,-
OAKEY 1 NEW HOLDCO PTY LTD,Oakey 1 Solar Farm,F,QLD,"164,288","45,636",0,0,0,0,On,NEM,Solar,-
OAKEY 1 NEW HOLDCO PTY LTD,Corporate Total,C,-,"164,288","45,636",0,0,0,-,-,-,-,-
ORIGIN ENERGY LIMITED,Ballarat Solar Park,F,VIC,"1,228",341,0,0,0,0,On,NEM,Solar,-
ORIGIN ENERGY LIMITED,Bendigo Solar Park,F,VIC,"1,092",303,0,3,3,0,On,NEM,Solar,-
ORIGIN ENERGY LIMITED,Bond,F,NSW,"1,211",337,201,13,214,0.6,On,NEM,Gas,-
ORIGIN ENERGY LIMITED,Chifley Square,F,NSW,"3,517",977,534,39,573,0.55,On,NEM,Gas,-
ORIGIN ENERGY LIMITED,Darling Downs Power Station,F,QLD,"7,245,590","2,012,664","846,663","13,845","860,508",0.42,On,NEM,Gas,-
ORIGIN ENERGY LIMITED,Drapac,F,VIC,88,25,16,1,17,0.65,On,NEM,Gas,-
ORIGIN ENERGY LIMITED,Eraring Power Station,F,NSW,"43,242,844","12,011,901","10,557,716","10,769","10,568,485",0.88,On,NEM,Black Coal,-
ORIGIN ENERGY LIMITED,Exhibition Street,F,VIC,3,1,1,0,1,1.29,On,NEM,Gas,-
ORIGIN ENERGY LIMITED,Kent Street,F,NSW,"9,551","2,653","1,397",105,"1,502",0.53,On,NEM,Gas,-
ORIGIN ENERGY LIMITED,La Trobe,F,VIC,412,114,71,5,76,0.62,On,NEM,Gas,-
ORIGIN ENERGY LIMITED,Ladbroke Grove Power Station,F,SA,"152,545","42,374","21,875",339,"22,214",0.52,On,NEM,Gas,-
ORIGIN ENERGY LIMITED,Mortlake Power Station,F,VIC,"1,834,357","509,544","238,014","8,595","246,609",0.47,On,NEM,Gas,-
ORIGIN ENERGY LIMITED,Mount,F,NSW,"5,346","1,485",889,59,948,0.6,On,NEM,Gas,-
ORIGIN ENERGY LIMITED,Mt Stuart Power Station,F,QLD,"271,562","75,434","75,557","3,951","79,508",1,On,NEM,Kerosene,-
ORIGIN ENERGY LIMITED,Quarantine Power Station,F,SA,"345,454","95,959","57,957","1,147","59,104",0.6,On,NEM,Gas,-
ORIGIN ENERGY LIMITED,Roma Power Station,F,QLD,"200,234","55,621","36,148",831,"36,979",0.65,On,NEM,Gas,-
ORIGIN ENERGY LIMITED,Shoalhaven Scheme,F,NSW,"564,798","156,888",2,"128,282","128,284",0,On,NEM,Hydro,-
ORIGIN ENERGY LIMITED,University of NSW,F,NSW,"3,311",920,482,36,518,0.52,On,NEM,Gas,-
ORIGIN ENERGY LIMITED,Uranquinty Power Station,F,NSW,"1,252,945","348,040","196,371","4,772","201,143",0.56,On,NEM,Gas,-
ORIGIN ENERGY LIMITED,Corporate Total,C,-,"55,136,088","15,315,580","12,033,894","172,792","12,206,686",-,-,-,-,-
OZGEN HOLDINGS AUSTRALIA PTY LTD,Callide C Power Station (facility),F,QLD,"9,252,986","2,570,274","2,246,298","6,930","2,253,228",0.87,On,NEM,Black Coal,"Please note that where more than one person has operational control over a facility at the same time and no nomination of operational control has been made, data for the facility for the entire period must be reported by the controlling corporation of each entity with operational control. This results in the same facility being reported multiple times. C S ENERGY LIMITED and OZGEN HOLDINGS AUSTRALIA PTY LTD, have each included the same data for the Callide C Power Station in their NGER reports."
OZGEN HOLDINGS AUSTRALIA PTY LTD,Millmerran Power Station (facility),F,QLD,"23,250,852","6,458,570","5,329,934","3,222","5,333,156",0.83,On,NEM,Black Coal,-
OZGEN HOLDINGS AUSTRALIA PTY LTD,Corporate Total,C,-,"32,503,838","9,028,844","7,576,232","10,152","7,586,384",-,-,-,-,-
PACIFIC ENERGY PTY LTD,Cue Town Powerstation,F,WA,"12,616","3,504","2,441",0,"2,441",0.7,Off,Off-grid,Diesel,-
PACIFIC ENERGY PTY LTD,Esperance Town Powerstation,F,WA,"131,515","36,532","21,682",0,"21,682",0.59,Off,Off-grid,Gas,-
PACIFIC ENERGY PTY LTD,Meekatharra Town Powerstation,F,WA,"21,747","6,041","4,154",0,"4,154",0.69,Off,Off-grid,Diesel,-
PACIFIC ENERGY PTY LTD,Mt Magnet Town Powerstation,F,WA,"14,580","4,050","2,516",0,"2,516",0.62,Off,Off-grid,Gas,-
PACIFIC ENERGY PTY LTD,Norseman Gold Power Station,F,WA,"13,393","3,720","2,693",0,"2,693",0.72,Off,Off-grid,Diesel,-
PACIFIC ENERGY PTY LTD,Sandstone Town Powerstation,F,WA,"2,493",692,530,0,530,0.77,Off,Off-grid,Diesel,-
PACIFIC ENERGY PTY LTD,Wiluna Town Powerstation,F,WA,"8,928","2,480","1,763",0,"1,763",0.71,Off,Off-grid,Diesel,-
PACIFIC ENERGY PTY LTD,Yalgoo Town Powerstation,F,WA,"3,558",988,800,0,800,0.81,Off,Off-grid,Diesel,-
PACIFIC ENERGY PTY LTD,Corporate Total,C,-,"208,830","58,008","36,579",0,"36,579",-,-,-,-,-
PALISADE GRANVILLE HARBOUR INVESTMENTS PTY LTD,Granville Harbour Wind Farm,F,TAS,"1,380,448","383,458",74,115,189,0,On,NEM,Wind,-
PALISADE GRANVILLE HARBOUR INVESTMENTS PTY LTD,Corporate Total,C,-,"1,380,448","383,458",74,115,189,-,-,-,-,-
PALISADE SOLAR 1 PTY LTD,Ross River Solar Farm,F,QLD,"996,740","276,873",241,777,"1,018",0,On,NEM,Solar,-
PALISADE SOLAR 1 PTY LTD,Corporate Total,C,-,"996,740","276,873",241,777,"1,018",-,-,-,-,-
PALISADE WATERLOO HOLDINGS PTY LTD,Waterloo Wind Farm,F,SA,"1,330,014","369,448",32,174,206,0,On,NEM,Wind,-
PALISADE WATERLOO HOLDINGS PTY LTD,Corporate Total,C,-,"1,330,014","369,448",32,174,206,-,-,-,-,-
PEAK RENEWABLES HOLDINGS PTY LTD,Burrinjuck Hydro,F,NSW,"752,338","208,983",15,2,17,0,On,NEM,Hydro,-
PEAK RENEWABLES HOLDINGS PTY LTD,Hume Hydro,F,NSW,"730,473","202,909",42,155,197,0,On,NEM,Hydro,-
PEAK RENEWABLES HOLDINGS PTY LTD,Keepit Hydro,F,NSW,"73,254","20,348",10,0,10,0,On,NEM,Hydro,-
PEAK RENEWABLES HOLDINGS PTY LTD,Mt Mercer Wind farm Pty Ltd,F,VIC,"1,143,267","317,574",65,0,65,0,On,NEM,Wind,-
PEAK RENEWABLES HOLDINGS PTY LTD,Mt Millar Wind Farm Pty Ltd,F,SA,"584,888","162,469",93,0,93,0,On,NEM,Wind,-
PEAK RENEWABLES HOLDINGS PTY LTD,Corporate Total,C,-,"3,284,220","912,283",225,157,382,-,-,-,-,-
PIONEER SAIL HOLDINGS PTY LIMITED,Bairnsdale Power Station,F,VIC,"218,774","60,771","32,637",706,"33,343",0.54,On,NEM,Gas,-
PIONEER SAIL HOLDINGS PTY LIMITED,Braemar Power Station,F,QLD,"1,903,746","528,818","307,417","1,793","309,210",0.58,On,NEM,Coal Seam Methane,-
PIONEER SAIL HOLDINGS PTY LIMITED,Loy Yang B Power Station,F,VIC,"32,583,778","9,051,049","10,057,098","1,142","10,058,240",1.11,On,NEM,Brown Coal,-
PIONEER SAIL HOLDINGS PTY LIMITED,Newman Power Station,F,WA,"2,425,665","673,796","389,496",0,"389,496",0.58,Off,Off-grid,Gas,-
PIONEER SAIL HOLDINGS PTY LIMITED,Port Hedland Power Station,F,WA,"1,826,305","507,307","389,478",0,"389,478",0.77,On,NWIS,Gas,-
PIONEER SAIL HOLDINGS PTY LIMITED,Wagerup Power Station,F,WA,"217,662","60,462","34,659","5,254","39,913",0.57,On,SWIS,Gas,-
PIONEER SAIL HOLDINGS PTY LIMITED,Yandin Wind Farm,F,WA,"2,992,010","831,114",172,583,755,0,On,SWIS,Wind,-
PIONEER SAIL HOLDINGS PTY LIMITED,Corporate Total,C,-,"42,167,940","11,713,316","11,210,957","9,478","11,220,435",-,-,-,-,-
POWER AND WATER CORPORATION,Alpurrurulam (Lake Nash),F,NT,"5,595","1,554","1,148",0,"1,148",0.74,Off,Off-grid,Diesel,-
POWER AND WATER CORPORATION,Amanbidgi (Kildurk),F,NT,"1,152",320,307,0,307,0.96,Off,Off-grid,Diesel,-
POWER AND WATER CORPORATION,"Ampilatwatja (Alparra, Ammaroo)",F,NT,"15,277","4,244","2,636",0,"2,636",0.62,Off,Off-grid,Diesel,-
POWER AND WATER CORPORATION,Amunturangu (Mount Liebig),F,NT,"3,306",918,586,0,586,0.64,Off,Off-grid,Diesel,-
POWER AND WATER CORPORATION,Aputula (Finke),F,NT,"3,572",992,627,0,627,0.63,Off,Off-grid,Diesel,-
POWER AND WATER CORPORATION,Areyonga (Utju),F,NT,"3,655","1,016",653,0,653,0.64,Off,Off-grid,Diesel,-
POWER AND WATER CORPORATION,Atitjere (Harts Range),F,NT,"3,535",982,588,0,588,0.6,Off,Off-grid,Diesel,-
POWER AND WATER CORPORATION,Borroloola Generation,F,NT,"25,480","7,078","4,296",0,"4,296",0.61,Off,Off-grid,Diesel,-
POWER AND WATER CORPORATION,Bulla Camp,F,NT,"1,221",339,339,0,339,1,Off,Off-grid,Diesel,-
POWER AND WATER CORPORATION,Bulman,F,NT,"4,876","1,354",908,0,908,0.67,Off,Off-grid,Diesel,-
POWER AND WATER CORPORATION,Daly Waters Generation,F,NT,"6,688","1,858","1,257",0,"1,257",0.68,Off,Off-grid,Diesel,-
POWER AND WATER CORPORATION,Elliot Generation,F,NT,"11,657","3,238","2,345",0,"2,345",0.72,Off,Off-grid,Gas,-
POWER AND WATER CORPORATION,Engawala (Alcoota),F,NT,"2,037",566,428,0,428,0.76,Off,Off-grid,Diesel,-
POWER AND WATER CORPORATION,Epenarra (Wutunugurra),F,NT,"2,978",827,664,0,664,0.8,Off,Off-grid,Diesel,-
POWER AND WATER CORPORATION,Eva Valley,F,NT,"1,374",381,321,0,321,0.84,Off,Off-grid,Diesel,-
POWER AND WATER CORPORATION,Galiwinku (Elcho Island),F,NT,"30,753","8,543","5,293",0,"5,293",0.62,Off,Off-grid,Diesel,-
POWER AND WATER CORPORATION,Gapuwiyak (Lake Evella),F,NT,"13,122","3,645","2,252",0,"2,252",0.62,Off,Off-grid,Diesel,-
POWER AND WATER CORPORATION,Gunbalanya (Oenpelli),F,NT,"20,811","5,781","3,571",0,"3,571",0.62,Off,Off-grid,Diesel,-
POWER AND WATER CORPORATION,Ikuntji (Haasts Bluff),F,NT,"2,102",584,519,0,519,0.89,Off,Off-grid,Diesel,-
POWER AND WATER CORPORATION,Imangara (Murray Downs),F,NT,"1,196",332,267,0,267,0.8,Off,Off-grid,Diesel,-
POWER AND WATER CORPORATION,Imanpa (Mount Ebenezer),F,NT,"2,289",636,463,0,463,0.73,Off,Off-grid,Diesel,-
POWER AND WATER CORPORATION,Kalkaringi (Wave Hill),F,NT,"10,928","3,036","2,100",0,"2,100",0.69,Off,Off-grid,Diesel,-
POWER AND WATER CORPORATION,Kaltukatjara (Docker River),F,NT,"5,289","1,469",914,0,914,0.62,Off,Off-grid,Diesel,-
POWER AND WATER CORPORATION,Lajamanu (Hooker Creek),F,NT,"12,977","3,605","2,120",0,"2,120",0.59,Off,Off-grid,Diesel,-
POWER AND WATER CORPORATION,Laramba (Napperby),F,NT,"3,323",923,661,0,661,0.72,Off,Off-grid,Diesel,-
POWER AND WATER CORPORATION,Maningrida,F,NT,"36,925","10,257","6,013",0,"6,013",0.59,Off,Off-grid,Diesel,-
POWER AND WATER CORPORATION,Milikapiti (Snake Bay),F,NT,"9,103","2,529","1,942",0,"1,942",0.77,Off,Off-grid,Diesel,-
POWER AND WATER CORPORATION,Milingimbi,F,NT,"14,822","4,117","2,542",0,"2,542",0.62,Off,Off-grid,Diesel,-
POWER AND WATER CORPORATION,Milyakburra (Bickerton Island),F,NT,"3,296",916,561,0,561,0.61,Off,Off-grid,Diesel,-
POWER AND WATER CORPORATION,Minjilang (Croker Island),F,NT,"5,224","1,451",908,0,908,0.63,Off,Off-grid,Diesel,-
POWER AND WATER CORPORATION,Minyerri (Hodgson Downs),F,NT,"8,806","2,446","1,595",0,"1,595",0.65,Off,Off-grid,Diesel,-
POWER AND WATER CORPORATION,Nauiyu Nambiyu (Daly River),F,NT,"12,523","3,478","1,344",0,"1,344",0.39,Off,Off-grid,Solar,-
POWER AND WATER CORPORATION,Nguiu (Bathurst Island),F,NT,"27,814","7,726","4,898",0,"4,898",0.63,Off,Off-grid,Diesel,-
POWER AND WATER CORPORATION,Ngukurr (Roper River),F,NT,"20,062","5,573","3,626",0,"3,626",0.65,Off,Off-grid,Diesel,-
POWER AND WATER CORPORATION,Numbulwar (Rose River),F,NT,"11,196","3,110","2,171",0,"2,171",0.7,Off,Off-grid,Diesel,-
POWER AND WATER CORPORATION,Nyirripi (Waite Creek),F,NT,"4,074","1,132",623,0,623,0.55,Off,Off-grid,Diesel,-
POWER AND WATER CORPORATION,Orwaitilla (Canteen Creek),F,NT,"3,089",858,641,0,641,0.75,Off,Off-grid,Diesel,-
POWER AND WATER CORPORATION,Palumpa,F,NT,"6,153","1,709","1,176",0,"1,176",0.69,Off,Off-grid,Diesel,-
POWER AND WATER CORPORATION,Papunya,F,NT,"6,902","1,917","1,371",0,"1,371",0.72,Off,Off-grid,Diesel,-
POWER AND WATER CORPORATION,Peppimenarti,F,NT,"5,028","1,397",959,0,959,0.69,Off,Off-grid,Diesel,-
POWER AND WATER CORPORATION,Pidgeon Hole,F,NT,"2,134",593,457,0,457,0.77,Off,Off-grid,Diesel,-
POWER AND WATER CORPORATION,Pirlangimpi (Garden Point),F,NT,"7,921","2,200","1,733",0,"1,733",0.79,Off,Off-grid,Diesel,-
POWER AND WATER CORPORATION,Ramingining,F,NT,"15,211","4,226","2,567",0,"2,567",0.61,Off,Off-grid,Diesel,-
POWER AND WATER CORPORATION,Robinson River,F,NT,"4,449","1,236",910,0,910,0.74,Off,Off-grid,Diesel,-
POWER AND WATER CORPORATION,Tara (Neutral Junction),F,NT,"1,172",326,265,0,265,0.81,Off,Off-grid,Diesel,-
POWER AND WATER CORPORATION,Ti Tree Generation,F,NT,"8,788","2,441","1,790",0,"1,790",0.73,Off,Off-grid,Diesel,-
POWER AND WATER CORPORATION,Timber Creek,F,NT,"10,861","3,017","1,933",0,"1,933",0.64,Off,Off-grid,Diesel,-
POWER AND WATER CORPORATION,Titjikala (Maryvale),F,NT,"3,628","1,008",357,0,357,0.35,Off,Off-grid,Diesel,-
POWER AND WATER CORPORATION,Umbakumba,F,NT,"10,504","2,918","2,175",0,"2,175",0.75,Off,Off-grid,Diesel,-
POWER AND WATER CORPORATION,Wadeye (Port Keats),F,NT,"35,294","9,804","6,237",0,"6,237",0.64,Off,Off-grid,Gas,-
POWER AND WATER CORPORATION,Walungurru (Kintore),F,NT,"6,736","1,871","1,091",0,"1,091",0.58,Off,Off-grid,Diesel,-
POWER AND WATER CORPORATION,Warruwi (Goulburn Is),F,NT,"7,753","2,154","1,352",0,"1,352",0.63,Off,Off-grid,Diesel,-
POWER AND WATER CORPORATION,Wilora (Stirling),F,NT,"1,034",287,265,0,265,0.92,Off,Off-grid,Diesel,-
POWER AND WATER CORPORATION,Wirliyatjarrayi (Willowra),F,NT,"3,735","1,038",717,0,717,0.69,Off,Off-grid,Diesel,-
POWER AND WATER CORPORATION,Yarralin,F,NT,"5,967","1,658","1,150",0,"1,150",0.69,Off,Off-grid,Diesel,-
POWER AND WATER CORPORATION,Yuendumu,F,NT,"18,593","5,165","3,158",0,"3,158",0.61,Off,Off-grid,Diesel,-
POWER AND WATER CORPORATION,Corporate Total,C,-,"513,990","142,776","91,790",0,"91,790",-,-,-,-,-
POWER GENERATION CORPORATION,Channel Island Power Station,F,NT,"3,052,423","847,896","498,511",0,"498,511",0.59,On,DKIS,Gas,-
POWER GENERATION CORPORATION,Katherine Power Station,F,NT,"37,495","10,415","5,459",0,"5,459",0.52,On,DKIS,Gas,-
POWER GENERATION CORPORATION,Kings Canyon,F,NT,"5,898","1,638","1,184",0,"1,184",0.72,Off,Off-grid,Solar,-
POWER GENERATION CORPORATION,Owen Springs Power Station,F,NT,"490,318","136,199","72,365",0,"72,365",0.53,Off,Off-grid,Gas,-
POWER GENERATION CORPORATION,Ron Goodin Power Station,F,NT,"184,124","51,145","28,051",0,"28,051",0.55,Off,Off-grid,Gas,-
POWER GENERATION CORPORATION,Tennant Creek Power Station,F,NT,"114,391","31,775","18,296",0,"18,296",0.58,Off,Off-grid,Gas,-
POWER GENERATION CORPORATION,Weddell Power Station,F,NT,"1,660,079","461,133","264,059",0,"264,059",0.57,On,DKIS,Gas,-
POWER GENERATION CORPORATION,Yulara Power Station,F,NT,"59,294","16,470","10,751",0,"10,751",0.65,Off,Off-grid,Gas,-
POWER GENERATION CORPORATION,Corporate Total,C,-,"5,604,022","1,556,672","898,676",0,"898,676",-,-,-,-,-
PRATT CONSOLIDATED HOLDINGS PTY. LTD.,Visy Energy - Coolaroo Co-gen,F,VIC,"81,289","22,580","24,082","10,143","34,225",1.07,On,NEM,Biofuel,-
PRATT CONSOLIDATED HOLDINGS PTY. LTD.,Corporate Total,C,-,"81,289","22,580","24,082","10,143","34,225",-,-,-,-,-
QGC UPSTREAM INVESTMENTS PTY LTD,Condamine Power Station,F,QLD,"843,806","234,391","105,190","4,858","110,048",0.45,On,NEM,Gas,-
QGC UPSTREAM INVESTMENTS PTY LTD,Corporate Total,C,-,"843,806","234,391","105,190","4,858","110,048",-,-,-,-,-
QS MAPS HOLDINGS NO. 3 PTY LTD,MSF,F,SA,"42,311","11,753",0,9,9,0,On,NEM,Solar,-
QS MAPS HOLDINGS NO. 3 PTY LTD,PAP1,F,SA,"1,003",279,0,0,0,0,Off,Off-grid,Solar,-
QS MAPS HOLDINGS NO. 3 PTY LTD,TWWF,F,VIC,"96,948","26,930",0,27,27,0,On,NEM,Solar,-
QS MAPS HOLDINGS NO. 3 PTY LTD,YWF,F,VIC,"116,136","32,260",0,27,27,0,On,NEM,Solar,-
QS MAPS HOLDINGS NO. 3 PTY LTD,Corporate Total,C,-,"256,398","71,222",0,63,63,-,-,-,-,-
RATCH - AUSTRALIA CORPORATION PTY LTD,Collector Wind Farm,F,NSW,"1,981,866","550,518",10,"1,376","1,386",0,On,NEM,Solar,-
RATCH - AUSTRALIA CORPORATION PTY LTD,Kemerton Power Station,F,WA,"627,028","174,175","109,305","2,372","111,677",0.63,On,SWIS,Gas,-
RATCH - AUSTRALIA CORPORATION PTY LTD,Mount Emerald Wind Farm,F,QLD,"1,508,814","419,115",43,"1,493","1,536",0,On,NEM,Solar,-
RATCH - AUSTRALIA CORPORATION PTY LTD,Ratch-Australia Collinsville Solar PV,F,QLD,"291,317","80,922",36,154,190,0,On,NEM,Solar,-
RATCH - AUSTRALIA CORPORATION PTY LTD,Starfish Hill Wind Farm,F,SA,"346,467","96,241",21,36,57,0,On,NEM,Wind,-
RATCH - AUSTRALIA CORPORATION PTY LTD,Toora Wind Farm,F,VIC,"209,337","58,149",21,238,259,0,On,NEM,Wind,-
RATCH - AUSTRALIA CORPORATION PTY LTD,Townsville Power Station,F,QLD,"449,942","124,984","71,467","2,129","73,596",0.57,On,NEM,Coal Seam Methane,-
RATCH - AUSTRALIA CORPORATION PTY LTD,Windy Hill Wind Farm,F,QLD,"69,244","19,235",14,24,38,0,On,NEM,Wind,-
RATCH - AUSTRALIA CORPORATION PTY LTD,Corporate Total,C,-,"5,484,015","1,523,338","180,917","7,822","188,739",-,-,-,-,-
REGIONAL POWER CORPORATION,Carnarvon Power Station & Distribution network,F,WA,"144,052","40,015","23,521",19,"23,540",0.59,Off,Off-grid,Gas,-
REGIONAL POWER CORPORATION,Denham Power Station & Denham Distribution network,F,WA,"21,106","5,863","4,020",0,"4,020",0.69,Off,Off-grid,Diesel,-
REGIONAL POWER CORPORATION,Gascoyne Junction Power Station & Distribution network,F,WA,"1,775",493,488,0,488,0.99,Off,Off-grid,Diesel,-
REGIONAL POWER CORPORATION,Kalumburu Power Station & Distribution network,F,WA,"8,525","2,368","1,859",0,"1,859",0.79,Off,Off-grid,Diesel,-
REGIONAL POWER CORPORATION,Kununurra Power Station & Kununurra Distribution network,F,WA,350,97,179,0,179,1.84,Off,Off-grid,Diesel,-
REGIONAL POWER CORPORATION,Laverton Power Station & Distribution Network,F,WA,"8,504","2,362","1,890",0,"1,890",0.8,Off,Off-grid,Diesel,-
REGIONAL POWER CORPORATION,Marble Bar Power Station & Marble Bar Distribution network,F,WA,"8,041","2,234","1,244",0,"1,244",0.56,Off,Off-grid,Diesel,-
REGIONAL POWER CORPORATION,Menzies Power Station & Distribution Network,F,WA,"1,459",405,351,0,351,0.87,Off,Off-grid,Diesel,-
REGIONAL POWER CORPORATION,Murchison Radio Astronomy Power Station and Distribution Network,F,WA,"11,546","3,207","2,232",0,"2,232",0.7,Off,Off-grid,Diesel,-
REGIONAL POWER CORPORATION,Nullagine Power Station & Nullagine Distribution network,F,WA,"4,193","1,165",777,0,777,0.67,Off,Off-grid,Diesel,-
REGIONAL POWER CORPORATION,Onslow Power Station & Onslow Distribution Network,F,WA,"70,900","19,694","9,437",0,"9,437",0.48,Off,Off-grid,Gas,-
REGIONAL POWER CORPORATION,Wyndham Power Station & Distribution network,F,WA,43,12,12,0,12,1.01,Off,Off-grid,Diesel,-
REGIONAL POWER CORPORATION,Yungngora Power Station & Yungngora Distribution Network,F,WA,"6,718","1,866","1,219",0,"1,219",0.65,Off,Off-grid,Diesel,-
REGIONAL POWER CORPORATION,Corporate Total,C,-,"287,212","79,781","47,229",19,"47,248",-,-,-,-,-
RENEWABLE POWER AUSTRALIA LIMITED,FPC Green Energy,F,QLD,"119,514","33,198","1,339",0,"1,339",0.04,On,NEM,Bagasse,-
RENEWABLE POWER AUSTRALIA LIMITED,Corporate Total,C,-,"119,514","33,198","1,339",0,"1,339",-,-,-,-,-
RIO TINTO LIMITED,Cape Lambert Power Station,F,WA,"812,466","225,685","136,501",0,"136,501",0.6,On,NWIS,Gas,-
RIO TINTO LIMITED,Paraburdoo Power Station,F,WA,"1,976,824","549,118","283,941",0,"283,941",0.52,On,NWIS,Gas,-
RIO TINTO LIMITED,West Angelas Power Station,F,WA,"1,400,905","389,140","208,101",0,"208,101",0.53,On,NWIS,Gas,-
RIO TINTO LIMITED,Yurralyi Maya Power Station,F,WA,"2,137,297","593,694","353,910",0,"353,910",0.6,On,NWIS,Gas,-
RIO TINTO LIMITED,Corporate Total,C,-,"6,327,492","1,757,637","982,453",0,"982,453",-,-,-,-,-
RISEN ENERGY AUSTRALIA HOLDINGS PTY LTD,Merredin Solar Farm,F,WA,"956,093","265,581",1,0,1,0,On,SWIS,Solar,-
RISEN ENERGY AUSTRALIA HOLDINGS PTY LTD,Yarranlea Solar Farm,F,QLD,"721,325","200,368",0,0,0,0,On,NEM,Solar,-
RISEN ENERGY AUSTRALIA HOLDINGS PTY LTD,Corporate Total,C,-,"1,677,418","465,949",1,0,1,-,-,-,-,-
RWE RENEWABLES AUSTRALIA PTY LTD,Limondale Solar Farm,F,NSW,"1,820,063","505,573",105,"1,967","2,072",0,On,NEM,Solar,-
RWE RENEWABLES AUSTRALIA PTY LTD,Corporate Total,C,-,"1,820,063","505,573",105,"1,967","2,072",-,-,-,-,-
SALT CREEK WIND FARM PTY LTD,Salt Creek Wind Farm,F,VIC,"555,160","154,211",51,341,392,0,On,NEM,Wind,-
SALT CREEK WIND FARM PTY LTD,Corporate Total,C,-,"555,160","154,211",51,341,392,-,-,-,-,-
SANTOS LIMITED,Wilga Park Power Station,F,NSW,"468,328","130,091","74,304",5,"74,309",0.57,On,NEM,Coal Seam Methane,-
SANTOS LIMITED,Corporate Total,C,-,"468,328","130,091","74,304",5,"74,309",-,-,-,-,-
SEBASTOPOL HOLDINGS CO PTY LTD,Sebastopol Solar Farm,F,NSW,"298,342","82,873",9,0,9,0,On,NEM,Solar,-
SEBASTOPOL HOLDINGS CO PTY LTD,Corporate Total,C,-,"298,342","82,873",9,0,9,-,-,-,-,-
SENTIENT IMPACT GROUP PTY LTD,Baking Board Solar Farm,F,QLD,"132,561","36,823",19,71,90,0,On,NEM,Solar,-
SENTIENT IMPACT GROUP PTY LTD,Karratha Solar Farm,F,WA,"6,033","1,676",0,12,12,0,On,NEM,Solar,-
SENTIENT IMPACT GROUP PTY LTD,Maryrorough Solar Farm,F,QLD,"214,363","59,545",25,97,122,0,On,NEM,Solar,-
SENTIENT IMPACT GROUP PTY LTD,Mount Majura Solar Farm,F,ACT,"13,665","3,796",0,1,1,0,On,NEM,Solar,-
SENTIENT IMPACT GROUP PTY LTD,Swan Hill Solar Farm,F,VIC,"113,697","31,582",2,63,65,0,On,NEM,Solar,-
SENTIENT IMPACT GROUP PTY LTD,Williamsdale Solar Farm,F,ACT,"57,050","15,847",2,58,60,0,On,NEM,Solar,-
SENTIENT IMPACT GROUP PTY LTD,Corporate Total,C,-,"537,369","149,269",48,302,350,-,-,-,-,-
SHELL ENERGY HOLDINGS AUSTRALIA LIMITED,Newgen Neerabup Power Station,F,WA,"821,204","228,112","138,811","3,225","142,036",0.61,On,SWIS,Gas,-
SHELL ENERGY HOLDINGS AUSTRALIA LIMITED,Oakey Power Station,F,QLD,"385,725","107,146","71,111","2,191","73,302",0.66,On,NEM,Gas,-
SHELL ENERGY HOLDINGS AUSTRALIA LIMITED,Corporate Total,C,-,"1,206,929","335,258","209,922","5,416","215,338",-,-,-,-,-
SHENHUA CLEAN ENERGY HOLDINGS PTY LIMITED,Musselroe Wind Farm Pty Ltd,F,TAS,"2,031,329","564,258",168,182,350,0,On,NEM,Wind,-
SHENHUA CLEAN ENERGY HOLDINGS PTY LIMITED,Woolnorth Bluff point Wind Farm Pty Ltd,F,TAS,"524,176","145,604",859,32,891,0.01,On,NEM,Wind,-
SHENHUA CLEAN ENERGY HOLDINGS PTY LIMITED,Woolnorth Studland Bay Wind Farm Pty Ltd,F,TAS,"908,478","252,355",108,35,143,0,On,NEM,Wind,-
SHENHUA CLEAN ENERGY HOLDINGS PTY LIMITED,Corporate Total,C,-,"3,463,983","962,217","1,135",249,"1,384",-,-,-,-,-
SNOWTOWN WIND FARM PTY LTD,Snowtown Wind Farm,F,SA,"1,143,882","317,745",125,253,378,0,On,NEM,Wind,-
SNOWTOWN WIND FARM PTY LTD,Corporate Total,C,-,"1,143,882","317,745",125,253,378,-,-,-,-,-
SNOWY HYDRO LIMITED,Angaston Power Station,F,SA,"40,037","11,122","7,627",520,"8,147",0.69,On,NEM,Diesel,-
SNOWY HYDRO LIMITED,Colongra Power Station,F,NSW,"1,064,543","295,706","184,949","5,497","190,446",0.63,On,NEM,Gas,-
SNOWY HYDRO LIMITED,Laverton North Power Station,F,VIC,"645,737","179,371","114,471","3,277","117,748",0.64,On,NEM,Gas,-
SNOWY HYDRO LIMITED,Lonsdale/Port Stanvac Power Station,F,SA,"67,451","18,736","12,328",791,"13,119",0.66,On,NEM,Diesel,-
SNOWY HYDRO LIMITED,Snowy Hydro Ltd,F,NSW,"16,499,682","4,583,245","2,204","470,528","472,732",0,On,NEM,Hydro,-
SNOWY HYDRO LIMITED,Valley Power,F,VIC,"279,597","77,666","62,582","2,502","65,084",0.81,On,NEM,Gas,-
SNOWY HYDRO LIMITED,Corporate Total,C,-,"18,597,047","5,165,846","384,161","483,115","867,276",-,-,-,-,-
SOLAR FARM INVESTMENTS PTY LTD,Moree Solar Farm,F,NSW,"415,490","115,414",20,650,670,0,On,NEM,Solar,-
SOLAR FARM INVESTMENTS PTY LTD,Corporate Total,C,-,"415,490","115,414",20,650,670,-,-,-,-,-
SPARK INFRASTRUCTURE HOLDINGS NO. 1 PTY LIMITED,Bomen Solar Farm,F,NSW,"731,879","203,300",49,655,704,0,On,NEM,Solar,-
SPARK INFRASTRUCTURE HOLDINGS NO. 1 PTY LIMITED,Corporate Total,C,-,"731,879","203,300",49,655,704,-,-,-,-,-
SPIC PACIFIC ENERGY PTY LTD,Challicum Hills Wind Farm,F,VIC,"503,193","139,776",67,165,232,0,On,NEM,Wind,-
SPIC PACIFIC ENERGY PTY LTD,Clements Gap Wind Farm,F,SA,"639,585","177,662",36,164,200,0,On,NEM,Wind,-
SPIC PACIFIC ENERGY PTY LTD,Codrington Wind Farm,F,VIC,"161,895","44,971",36,56,92,0,On,NEM,Wind,-
SPIC PACIFIC ENERGY PTY LTD,Crowlands Wind Farm,F,VIC,"986,243","273,956",56,525,581,0,On,NEM,Wind,-
SPIC PACIFIC ENERGY PTY LTD,Eildon Pondage Hydro,F,VIC,"28,455","7,904",4,2,6,0,On,NEM,Hydro,-
SPIC PACIFIC ENERGY PTY LTD,Glenmaggie Hydro,F,VIC,"63,501","17,639",8,0,8,0,On,NEM,Hydro,-
SPIC PACIFIC ENERGY PTY LTD,Haughton Solar Farm,F,QLD,"830,038","230,566",90,"1,295","1,385",0,On,NEM,Solar,-
SPIC PACIFIC ENERGY PTY LTD,Ord Hydro,F,WA,"275,310","76,475",28,38,66,0,Off,Off-grid,Hydro,-
SPIC PACIFIC ENERGY PTY LTD,Portland Wind Farms,F,VIC,"1,773,990","492,775",111,211,322,0,On,NEM,Wind,-
SPIC PACIFIC ENERGY PTY LTD,Taralga Wind Farm,F,NSW,"1,073,163","298,101",44,251,295,0,On,NEM,Wind,-
SPIC PACIFIC ENERGY PTY LTD,The Drop Hydro,F,NSW,"13,234","3,676",0,0,0,0,On,NEM,Hydro,-
SPIC PACIFIC ENERGY PTY LTD,William Hovell Hydro,F,VIC,"20,727","5,757",6,0,6,0,On,NEM,Hydro,-
SPIC PACIFIC ENERGY PTY LTD,Yaloak South Wind Farm,F,VIC,"299,768","83,269",23,68,91,0,On,NEM,Wind,-
SPIC PACIFIC ENERGY PTY LTD,Yambuk Wind Farm,F,VIC,"335,200","93,111",33,147,180,0,On,NEM,Wind,-
SPIC PACIFIC ENERGY PTY LTD,Corporate Total,C,-,"7,004,302","1,945,638",542,"2,922","3,464",-,-,-,-,-
SRV AGWF PTY LTD,Albany Windfarm,F,WA,"209,472","58,187",23,16,39,0,On,SWIS,Wind,-
SRV AGWF PTY LTD,Corporate Total,C,-,"209,472","58,187",23,16,39,-,-,-,-,-
STANWELL CORPORATION LIMITED,Mica Creek Power Station,F,QLD,"1,370",381,309,0,309,0.81,On,Mt Isa,Gas,-
STANWELL CORPORATION LIMITED,Stanwell Power Station,F,QLD,"31,019,346","8,616,485","7,440,001","10,935","7,450,936",0.86,On,NEM,Black Coal,-
STANWELL CORPORATION LIMITED,Tarong Power Stations,F,QLD,"39,943,832","11,095,509","9,837,276","48,396","9,885,672",0.89,On,NEM,Black Coal,-
STANWELL CORPORATION LIMITED,Corporate Total,C,-,"70,964,548","19,712,375","17,277,586","59,331","17,336,917",-,-,-,-,-
STOCKYARD HILL WIND FARM (HOLDING) PTY LTD,Stockyard Wind Farm,F,VIC,"3,344,044","928,901",152,"3,477","3,629",0,On,NEM,Wind,-
STOCKYARD HILL WIND FARM (HOLDING) PTY LTD,Corporate Total,C,-,"3,344,044","928,901",152,"3,477","3,629",-,-,-,-,-
SUNRAYSIA SOLAR FARM HOLDINGS PTY LTD,Sunraysia Solar Farm,F,NSW,"1,318,995","366,388",5,"4,620","4,625",0,On,NEM,Solar,-
SUNRAYSIA SOLAR FARM HOLDINGS PTY LTD,Corporate Total,C,-,"1,318,995","366,388",5,"4,620","4,625",-,-,-,-,-
SUSAN RIVER HOLDCO PTY LTD,Susan River Solar Farm,F,QLD,"539,310","149,808",17,387,404,0,On,NEM,Solar,-
SUSAN RIVER HOLDCO PTY LTD,Corporate Total,C,-,"539,310","149,808",17,387,404,-,-,-,-,-
SUSTAINABLE ENERGY INFRASTRUCTURE HOLDINGS PTY LIMITED,Coopers Cogeneration,F,SA,"57,417","15,949","12,802",0,"12,802",0.8,On,NEM,Gas,-
SUSTAINABLE ENERGY INFRASTRUCTURE HOLDINGS PTY LIMITED,Glenorchy Landfill,F,TAS,"10,769","2,992",169,0,169,0.06,On,NEM,Landfill Gas,-
SUSTAINABLE ENERGY INFRASTRUCTURE HOLDINGS PTY LIMITED,Hobart Landfill,F,TAS,"7,806","2,168",166,0,166,0.08,On,NEM,Landfill Gas,-
SUSTAINABLE ENERGY INFRASTRUCTURE HOLDINGS PTY LIMITED,Kincumber Landfill,F,NSW,0,0,56,0,56,0,On,NEM,Landfill Gas,-
SUSTAINABLE ENERGY INFRASTRUCTURE HOLDINGS PTY LIMITED,Moranbah Power Station,F,QLD,"61,849","17,180","7,166",0,"7,166",0.42,On,NEM,Coal Seam Methane,-
SUSTAINABLE ENERGY INFRASTRUCTURE HOLDINGS PTY LIMITED,Rockingham Landfill,F,WA,"15,046","4,180",303,0,303,0.07,On,SWIS,Landfill Gas,-
SUSTAINABLE ENERGY INFRASTRUCTURE HOLDINGS PTY LIMITED,Woy Woy Landfill,F,NSW,"5,957","1,655",133,0,133,0.08,On,NEM,Landfill Gas,-
SUSTAINABLE ENERGY INFRASTRUCTURE HOLDINGS PTY LIMITED,Corporate Total,C,-,"158,844","44,124","20,795",0,"20,795",-,-,-,-,-
THE TRUSTEE FOR GRSF TRUST,Greenough River Solar Farm,F,WA,"361,270","100,353",5,202,207,0,On,SWIS,Solar,-
THE TRUSTEE FOR GRSF TRUST,Corporate Total,C,-,"361,270","100,353",5,202,207,-,-,-,-,-
TINSEL BIDCO PTY LTD,Snowtown South Wind Farm Pty Ltd,F,SA,"1,577,664","438,240",45,84,129,0,On,NEM,Wind,-
TINSEL BIDCO PTY LTD,Snowtown Wind Farm Stage 2 Pty Ltd,F,SA,"1,615,095","448,638",52,122,174,0,On,NEM,Wind,-
TINSEL BIDCO PTY LTD,Corporate Total,C,-,"3,192,759","886,877",97,206,303,-,-,-,-,-
TRANSALTA ENERGY (AUSTRALIA) PTY LTD,Kalgoorlie Power Station,F,WA,"974,437","270,677","150,503",0,"150,503",0.56,On,SWIS,Gas,-
TRANSALTA ENERGY (AUSTRALIA) PTY LTD,Kambalda Power Station,F,WA,"977,689","271,580","148,645",0,"148,645",0.55,On,SWIS,Gas,-
TRANSALTA ENERGY (AUSTRALIA) PTY LTD,Leinster Power Station,F,WA,"904,763","251,323","139,326",0,"139,326",0.55,Off,Off-grid,Gas,-
TRANSALTA ENERGY (AUSTRALIA) PTY LTD,Mt Keith Power Station,F,WA,"1,106,112","307,253","185,892",0,"185,892",0.61,Off,Off-grid,Gas,-
TRANSALTA ENERGY (AUSTRALIA) PTY LTD,South Hedland Power Station,F,WA,"1,891,212","525,337","257,766",0,"257,766",0.49,On,NWIS,Gas,-
TRANSALTA ENERGY (AUSTRALIA) PTY LTD,Corporate Total,C,-,"5,854,213","1,626,170","882,132",0,"882,132",-,-,-,-,-
VENA ENERGY SERVICES (AUSTRALIA) PTY LTD,Tailem Bend Solar farm,F,SA,"635,714","176,587",60,601,661,0,On,NEM,Solar,-
VENA ENERGY SERVICES (AUSTRALIA) PTY LTD,Corporate Total,C,-,"635,714","176,587",60,601,661,-,-,-,-,-
WATER CORPORATION,Cocos Keeling Islands - Home Island Generation,F,WA,"8,773","2,437","1,703",0,"1,703",0.7,Off,Off-grid,Diesel,-
WATER CORPORATION,Cocos Keeling Islands - West Island Generation,F,WA,"9,609","2,669","2,150",0,"2,150",0.81,Off,Off-grid,Diesel,-
WATER CORPORATION,Corporate Total,C,-,"18,382","5,106","3,853",0,"3,853",-,-,-,-,-
WEL 1 PTY LTD,Clermont Solar Farm,F,QLD,"536,681","149,078",325,"3,080","3,405",0,On,NEM,Solar,-
WEL 1 PTY LTD,Wemen Solar Farm,F,VIC,"377,141","104,761",65,"1,679","1,744",0,On,NEM,Solar,-
WEL 1 PTY LTD,Corporate Total,C,-,"913,822","253,840",390,"4,759","5,149",-,-,-,-,-
WHITE ROCK SOLAR FARM (HOLDING) PTY LTD,White Rock Solar Farm Pty Ltd,F,NSW,"119,111","33,086",0,51,51,0,On,NEM,Solar,-
WHITE ROCK SOLAR FARM (HOLDING) PTY LTD,Corporate Total,C,-,"119,111","33,086",0,51,51,-,-,-,-,-
WILD CATTLE HILL PTY LTD,Wild Cattle Hill Wind Farm,F,TAS,"1,559,506","433,196",64,189,253,0,On,NEM,Wind,-
WILD CATTLE HILL PTY LTD,Corporate Total,C,-,"1,559,506","433,196",64,189,253,-,-,-,-,-
WINTON HOLDINGS CO PTY. LTD.,Winton Solar Farm,F,VIC,"563,484","156,523",31,0,31,0,On,NEM,Solar,-
WINTON HOLDINGS CO PTY. LTD.,Corporate Total,C,-,"563,484","156,523",31,0,31,-,-,-,-,-
WIRTGEN ENERGY GLENROWAN PTY. LTD,Glenrowan West Solar Farm,F,VIC,"744,045","206,679",234,609,843,0,On,NEM,Solar,-
WIRTGEN ENERGY GLENROWAN PTY. LTD,Corporate Total,C,-,"744,045","206,679",234,609,843,-,-,-,-,-
YARA AUSTRALIA PTY LTD,YPF UTILITIES PRODUCTION AND SUPPLY,F,WA,"95,779","26,605","18,073",0,"18,073",0.68,Off,Off-grid,Gas,-
YARA AUSTRALIA PTY LTD,Corporate Total,C,-,"95,779","26,605","18,073",0,"18,073",-,-,-,-,-
YATPOOL SOLAR FARM HOLDCO PTY LTD,YATPOOL SOLAR FARM,F,VIC,"497,375","138,160",0,392,392,0,On,NEM,Solar,-
YATPOOL SOLAR FARM HOLDCO PTY LTD,Corporate Total,C,-,"497,375","138,160",0,392,392,-,-,-,-,-
Grand Total,-,-,-,"785,992,811","218,331,335","143,288,449","2,072,018","145,360,467",-,-,-,-,-
Grid Connected Total,-,-,-,"770,661,827","214,072,727","141,299,122","2,069,839","143,368,961",-,-,-,-,-